country,year,gdp_per_hour_worked_constant_1990_us_at_ppp
arg,1980,12.119999885559082
arg,1981,11.470000267028809
arg,1982,11.010000228881836
arg,1983,11.130000114440918
arg,1984,11.170000076293945
arg,1985,10.420000076293945
arg,1986,10.930000305175781
arg,1987,11.0600004196167
arg,1988,10.710000038146973
arg,1989,10.020000457763672
arg,1990,9.819999694824219
arg,1991,10.510000228881836
arg,1992,11.199999809265137
arg,1993,11.829999923706055
arg,1994,12.399999618530273
arg,1995,12.5
arg,1996,13.199999809265137
arg,1997,13.0600004196167
arg,1998,13.149999618530273
arg,1999,12.770000457763672
arg,2000,12.789999961853027
arg,2001,12.699999809265137
arg,2002,12.760000228881836
arg,2003,12.25
arg,2004,12.15999984741211
arg,2005,12.489999771118164
arg,2006,12.630000114440918
arg,2007,13.09000015258789
arg,2008,13.09000015258789
arg,2009,13.15999984741211
arg,2010,13.960000038146973
arg,2011,14.100000381469727
arg,2012,13.59000015258789
arg,2013,13.8100004196167
arg,2014,13.65999984741211
arg,2015,13.350000381469727
arm,2009,13.920000076293945
arm,2010,13.680000305175781
arm,2011,14.680000305175781
arm,2012,15.760000228881836
arm,2013,16.440000534057617
arm,2014,16.829999923706055
arm,2015,16.770000457763672
aus,1980,17.299999237060547
aus,1981,17.81999969482422
aus,1982,18.149999618530273
aus,1983,18.270000457763672
aus,1984,18.90999984741211
aus,1985,19.1200008392334
aus,1986,18.979999542236328
aus,1987,19.299999237060547
aus,1988,19.389999389648438
aus,1989,19.540000915527344
aus,1990,19.75
aus,1991,19.8700008392334
aus,1992,20.5
aus,1993,21.079999923706055
aus,1994,21.329999923706055
aus,1995,21.309999465942383
aus,1996,21.899999618530273
aus,1997,22.639999389648438
aus,1998,23.40999984741211
aus,1999,23.8700008392334
aus,2000,24.209999084472656
aus,2001,24.81999969482422
aus,2002,25.510000228881836
aus,2003,25.719999313354492
aus,2004,26.190000534057617
aus,2005,26.469999313354492
aus,2006,26.639999389648438
aus,2007,27.110000610351562
aus,2008,27.459999084472656
aus,2009,27.790000915527344
aus,2010,28.030000686645508
aus,2011,28.290000915527344
aus,2012,28.950000762939453
aus,2013,29.350000381469727
aus,2014,29.850000381469727
aus,2015,30.65999984741211
aut,1980,15.760000228881836
aut,1981,16.389999389648438
aut,1982,16.739999771118164
aut,1983,17.309999465942383
aut,1984,17.43000030517578
aut,1985,17.81999969482422
aut,1986,18.239999771118164
aut,1987,18.59000015258789
aut,1988,19.079999923706055
aut,1989,19.489999771118164
aut,1990,19.959999084472656
aut,1991,20.280000686645508
aut,1992,20.969999313354492
aut,1993,21.229999542236328
aut,1994,21.770000457763672
aut,1995,22.75
aut,1996,22.790000915527344
aut,1997,23.010000228881836
aut,1998,23.8799991607666
aut,1999,24.31999969482422
aut,2000,24.889999389648438
aut,2001,25.229999542236328
aut,2002,25.700000762939453
aut,2003,25.850000381469727
aut,2004,26.34000015258789
aut,2005,26.93000030517578
aut,2006,27.639999389648438
aut,2007,28.290000915527344
aut,2008,28.309999465942383
aut,2009,28.260000228881836
aut,2010,28.65999984741211
aut,2011,28.959999084472656
aut,2012,29.25
aut,2013,29.459999084472656
aut,2014,29.299999237060547
aut,2015,29.18000030517578
bgd,1980,0.8700000047683716
bgd,1981,0.9100000262260437
bgd,1982,0.8899999856948853
bgd,1983,0.8899999856948853
bgd,1984,0.8999999761581421
bgd,1985,0.8999999761581421
bgd,1986,0.9200000166893005
bgd,1987,0.9399999976158142
bgd,1988,0.9700000286102295
bgd,1989,0.9800000190734863
bgd,1990,0.9900000095367432
bgd,1991,1.0
bgd,1992,1.0
bgd,1993,1.0199999809265137
bgd,1994,1.0499999523162842
bgd,1995,1.0800000429153442
bgd,1996,1.1100000143051147
bgd,1997,1.1399999856948853
bgd,1998,1.159999966621399
bgd,1999,1.2000000476837158
bgd,2000,1.2300000190734863
bgd,2001,1.2200000286102295
bgd,2002,1.2200000286102295
bgd,2003,1.2100000381469727
bgd,2004,1.2100000381469727
bgd,2005,1.2000000476837158
bgd,2006,1.2100000381469727
bgd,2007,1.2300000190734863
bgd,2008,1.25
bgd,2009,1.2899999618530273
bgd,2010,1.3300000429153442
bgd,2011,1.3700000047683716
bgd,2012,1.409999966621399
bgd,2013,1.4600000381469727
bgd,2014,1.5099999904632568
bgd,2015,1.559999942779541
brb,1991,12.220000267028809
brb,1992,12.140000343322754
brb,1993,12.210000038146973
brb,1994,11.359999656677246
brb,1995,11.0
brb,1996,10.710000038146973
brb,1997,10.970000267028809
brb,1998,11.0
brb,1999,10.6899995803833
brb,2000,10.5
brb,2001,10.020000457763672
brb,2002,10.489999771118164
brb,2003,10.529999732971191
brb,2004,10.5600004196167
brb,2005,10.869999885559082
brb,2006,11.6899995803833
brb,2007,11.670000076293945
brb,2008,11.699999809265137
brb,2009,11.930000305175781
brb,2010,12.109999656677246
brb,2011,12.100000381469727
brb,2012,12.449999809265137
brb,2013,12.420000076293945
brb,2014,12.359999656677246
brb,2015,12.449999809265137
bel,1980,22.18000030517578
bel,1981,22.610000610351562
bel,1982,23.43000030517578
bel,1983,23.65999984741211
bel,1984,23.899999618530273
bel,1985,23.950000762939453
bel,1986,24.440000534057617
bel,1987,25.059999465942383
bel,1988,25.93000030517578
bel,1989,26.59000015258789
bel,1990,26.8799991607666
bel,1991,27.899999618530273
bel,1992,28.770000457763672
bel,1993,29.5
bel,1994,30.579999923706055
bel,1995,30.299999237060547
bel,1996,31.209999084472656
bel,1997,31.889999389648438
bel,1998,31.75
bel,1999,32.41999816894531
bel,2000,32.650001525878906
bel,2001,32.63999938964844
bel,2002,33.33000183105469
bel,2003,33.7400016784668
bel,2004,34.68000030517578
bel,2005,35.0
bel,2006,35.31999969482422
bel,2007,35.689998626708984
bel,2008,35.529998779296875
bel,2009,35.08000183105469
bel,2010,35.58000183105469
bel,2011,35.400001525878906
bel,2012,35.310001373291016
bel,2013,35.41999816894531
bel,2014,35.619998931884766
bel,2015,35.79999923706055
bra,1980,6.429999828338623
bra,1981,5.929999828338623
bra,1982,5.690000057220459
bra,1983,5.46999979019165
bra,1984,5.590000152587891
bra,1985,5.650000095367432
bra,1986,5.96999979019165
bra,1987,5.989999771118164
bra,1988,5.809999942779541
bra,1989,5.909999847412109
bra,1990,5.559999942779541
bra,1991,5.630000114440918
bra,1992,5.630000114440918
bra,1993,5.849999904632568
bra,1994,6.130000114440918
bra,1995,6.340000152587891
bra,1996,6.630000114440918
bra,1997,6.769999980926514
bra,1998,6.820000171661377
bra,1999,6.460000038146973
bra,2000,6.639999866485596
bra,2001,6.75
bra,2002,6.820000171661377
bra,2003,6.71999979019165
bra,2004,6.820000171661377
bra,2005,6.840000152587891
bra,2006,6.909999847412109
bra,2007,7.199999809265137
bra,2008,7.400000095367432
bra,2009,7.590000152587891
bra,2010,7.849999904632568
bra,2011,7.929999828338623
bra,2012,7.860000133514404
bra,2013,8.010000228881836
bra,2014,8.039999961853027
bra,2015,7.880000114440918
bgr,1990,6.559999942779541
bgr,1991,6.929999828338623
bgr,1992,7.090000152587891
bgr,1993,7.099999904632568
bgr,1994,7.090000152587891
bgr,1995,7.25
bgr,1996,6.420000076293945
bgr,1997,6.559999942779541
bgr,1998,7.099999904632568
bgr,1999,6.920000076293945
bgr,2000,7.650000095367432
bgr,2001,7.940000057220459
bgr,2002,8.279999732971191
bgr,2003,8.529999732971191
bgr,2004,8.739999771118164
bgr,2005,9.039999961853027
bgr,2006,9.34000015258789
bgr,2007,9.670000076293945
bgr,2008,9.760000228881836
bgr,2009,9.710000038146973
bgr,2010,10.170000076293945
bgr,2011,10.619999885559082
bgr,2012,10.9399995803833
bgr,2013,11.100000381469727
bgr,2014,11.25
bgr,2015,11.359999656677246
can,1980,19.510000228881836
can,1981,19.709999084472656
can,1982,20.010000228881836
can,1983,20.530000686645508
can,1984,21.059999465942383
can,1985,21.3799991607666
can,1986,21.299999237060547
can,1987,21.399999618530273
can,1988,21.690000534057617
can,1989,21.770000457763672
can,1990,21.760000228881836
can,1991,21.950000762939453
can,1992,22.3799991607666
can,1993,22.829999923706055
can,1994,23.290000915527344
can,1995,23.59000015258789
can,1996,23.549999237060547
can,1997,24.139999389648438
can,1998,24.639999389648438
can,1999,25.209999084472656
can,2000,25.940000534057617
can,2001,26.229999542236328
can,2002,26.59000015258789
can,2003,26.739999771118164
can,2004,26.81999969482422
can,2005,27.459999084472656
can,2006,27.760000228881836
can,2007,27.75
can,2008,27.719999313354492
can,2009,27.969999313354492
can,2010,28.389999389648438
can,2011,28.799999237060547
can,2012,28.850000381469727
can,2013,29.15999984741211
can,2014,29.6299991607666
can,2015,29.850000381469727
chl,1980,9.229999542236328
chl,1981,9.600000381469727
chl,1982,8.890000343322754
chl,1983,8.09000015258789
chl,1984,8.180000305175781
chl,1985,7.849999904632568
chl,1986,7.849999904632568
chl,1987,8.039999961853027
chl,1988,8.119999885559082
chl,1989,8.510000228881836
chl,1990,8.619999885559082
chl,1991,9.130000114440918
chl,1992,9.75
chl,1993,9.84000015258789
chl,1994,10.289999961853027
chl,1995,11.170000076293945
chl,1996,11.65999984741211
chl,1997,12.529999732971191
chl,1998,12.529999732971191
chl,1999,12.729999542236328
chl,2000,13.229999542236328
chl,2001,13.630000114440918
chl,2002,13.699999809265137
chl,2003,13.770000457763672
chl,2004,14.390000343322754
chl,2005,15.220000267028809
chl,2006,15.760000228881836
chl,2007,16.399999618530273
chl,2008,16.729999542236328
chl,2009,16.829999923706055
chl,2010,17.299999237060547
chl,2011,17.719999313354492
chl,2012,18.510000228881836
chl,2013,18.959999084472656
chl,2014,19.010000228881836
chl,2015,19.31999969482422
chn,1990,1.0099999904632568
chn,1991,1.059999942779541
chn,1992,1.149999976158142
chn,1993,1.25
chn,1994,1.3600000143051147
chn,1995,1.559999942779541
chn,1996,1.5700000524520874
chn,1997,1.6299999952316284
chn,1998,1.6200000047683716
chn,1999,1.7000000476837158
chn,2000,1.840000033378601
chn,2001,2.0199999809265137
chn,2002,2.25
chn,2003,2.5799999237060547
chn,2004,2.819999933242798
chn,2005,3.119999885559082
chn,2006,3.5199999809265137
chn,2007,4.150000095367432
chn,2008,4.610000133514404
chn,2009,5.0
chn,2010,5.239999771118164
chn,2011,5.800000190734863
chn,2012,6.210000038146973
chn,2013,6.610000133514404
chn,2014,7.079999923706055
chn,2015,7.550000190734863
col,1980,6.329999923706055
col,1981,6.21999979019165
col,1982,6.199999809265137
col,1983,6.329999923706055
col,1984,6.519999980926514
col,1985,6.590000152587891
col,1986,6.78000020980835
col,1987,6.820000171661377
col,1988,6.880000114440918
col,1989,6.809999942779541
col,1990,6.929999828338623
col,1991,6.659999847412109
col,1992,6.869999885559082
col,1993,6.800000190734863
col,1994,6.840000152587891
col,1995,6.889999866485596
col,1996,6.989999771118164
col,1997,7.090000152587891
col,1998,7.139999866485596
col,1999,7.0
col,2000,6.96999979019165
col,2001,7.019999980926514
col,2002,7.039999961853027
col,2003,7.090000152587891
col,2004,7.210000038146973
col,2005,7.260000228881836
col,2006,7.5
col,2007,7.71999979019165
col,2008,7.860000133514404
col,2009,7.989999771118164
col,2010,8.09000015258789
col,2011,8.3100004196167
col,2012,8.479999542236328
col,2013,8.739999771118164
col,2014,8.949999809265137
col,2015,9.109999656677246
cri,1987,7.400000095367432
cri,1988,7.449999809265137
cri,1989,7.460000038146973
cri,1990,7.46999979019165
cri,1991,7.389999866485596
cri,1992,7.619999885559082
cri,1993,7.840000152587891
cri,1994,7.920000076293945
cri,1995,7.989999771118164
cri,1996,7.869999885559082
cri,1997,7.96999979019165
cri,1998,8.289999961853027
cri,1999,8.739999771118164
cri,2000,8.529999732971191
cri,2001,8.3100004196167
cri,2002,8.369999885559082
cri,2003,8.609999656677246
cri,2004,8.949999809265137
cri,2005,9.260000228881836
cri,2006,9.699999809265137
cri,2007,9.739999771118164
cri,2008,9.649999618530273
cri,2009,9.859999656677246
cri,2010,10.09000015258789
cri,2011,10.550000190734863
cri,2012,10.220000267028809
cri,2013,10.5
cri,2014,10.510000228881836
cri,2015,10.729999542236328
cyp,1980,9.539999961853027
cyp,1981,9.539999961853027
cyp,1982,9.979999542236328
cyp,1983,10.270000457763672
cyp,1984,10.779999732971191
cyp,1985,10.899999618530273
cyp,1986,11.199999809265137
cyp,1987,11.619999885559082
cyp,1988,12.050000190734863
cyp,1989,12.529999732971191
cyp,1990,13.109999656677246
cyp,1991,13.149999618530273
cyp,1992,13.779999732971191
cyp,1993,13.90999984741211
cyp,1994,14.430000305175781
cyp,1995,15.260000228881836
cyp,1996,15.430000305175781
cyp,1997,15.649999618530273
cyp,1998,16.139999389648438
cyp,1999,16.520000457763672
cyp,2000,17.1200008392334
cyp,2001,17.139999389648438
cyp,2002,17.56999969482422
cyp,2003,17.5
cyp,2004,17.920000076293945
cyp,2005,18.270000457763672
cyp,2006,18.610000610351562
cyp,2007,18.969999313354492
cyp,2008,19.329999923706055
cyp,2009,19.1200008392334
cyp,2010,19.34000015258789
cyp,2011,19.299999237060547
cyp,2012,19.520000457763672
cyp,2013,19.6200008392334
cyp,2014,19.760000228881836
cyp,2015,19.920000076293945
cze,1990,8.9399995803833
cze,1991,8.220000267028809
cze,1992,8.619999885559082
cze,1993,8.670000076293945
cze,1994,8.90999984741211
cze,1995,9.300000190734863
cze,1996,9.680000305175781
cze,1997,9.65999984741211
cze,1998,9.6899995803833
cze,1999,9.960000038146973
cze,2000,10.470000267028809
cze,2001,11.279999732971191
cze,2002,11.399999618530273
cze,2003,11.979999542236328
cze,2004,12.520000457763672
cze,2005,13.069999694824219
cze,2006,13.920000076293945
cze,2007,14.510000228881836
cze,2008,14.539999961853027
cze,2009,14.170000076293945
cze,2010,14.479999542236328
cze,2011,14.760000228881836
cze,2012,14.819999694824219
cze,2013,14.770000457763672
cze,2014,14.920000076293945
cze,2015,15.180000305175781
dnk,1980,19.350000381469727
dnk,1981,19.8799991607666
dnk,1982,20.329999923706055
dnk,1983,20.920000076293945
dnk,1984,21.559999465942383
dnk,1985,22.149999618530273
dnk,1986,22.350000381469727
dnk,1987,22.860000610351562
dnk,1988,23.65999984741211
dnk,1989,24.09000015258789
dnk,1990,24.760000228881836
dnk,1991,25.299999237060547
dnk,1992,25.809999465942383
dnk,1993,26.229999542236328
dnk,1994,28.110000610351562
dnk,1995,28.479999542236328
dnk,1996,29.170000076293945
dnk,1997,29.399999618530273
dnk,1998,29.3700008392334
dnk,1999,29.690000534057617
dnk,2000,30.3799991607666
dnk,2001,30.270000457763672
dnk,2002,30.5
dnk,2003,31.030000686645508
dnk,2004,32.04999923706055
dnk,2005,32.540000915527344
dnk,2006,32.95000076293945
dnk,2007,33.0099983215332
dnk,2008,32.529998779296875
dnk,2009,31.899999618530273
dnk,2010,33.41999816894531
dnk,2011,33.380001068115234
dnk,2012,33.54999923706055
dnk,2013,33.52000045776367
dnk,2014,33.56999969482422
dnk,2015,33.939998626708984
ecu,1995,6.139999866485596
ecu,1996,6.289999961853027
ecu,1997,6.340000152587891
ecu,1998,6.559999942779541
ecu,1999,6.329999923706055
ecu,2000,6.150000095367432
ecu,2001,5.960000038146973
ecu,2002,5.920000076293945
ecu,2003,6.0
ecu,2004,5.920000076293945
ecu,2005,5.28000020980835
ecu,2006,5.380000114440918
ecu,2007,5.559999942779541
ecu,2008,5.940000057220459
ecu,2009,5.980000019073486
ecu,2010,6.28000020980835
ecu,2011,6.639999866485596
ecu,2012,6.860000133514404
ecu,2013,7.090000152587891
ecu,2014,7.21999979019165
ecu,2015,7.210000038146973
est,1990,10.670000076293945
est,1991,9.920000076293945
est,1992,9.180000305175781
est,1993,9.130000114440918
est,1994,9.170000076293945
est,1995,10.470000267028809
est,1996,11.369999885559082
est,1997,12.65999984741211
est,1998,13.420000076293945
est,1999,14.4399995803833
est,2000,15.0600004196167
est,2001,15.960000038146973
est,2002,16.920000076293945
est,2003,17.760000228881836
est,2004,18.899999618530273
est,2005,20.010000228881836
est,2006,21.149999618530273
est,2007,22.799999237060547
est,2008,21.969999313354492
est,2009,22.40999984741211
est,2010,23.610000610351562
est,2011,23.43000030517578
est,2012,24.549999237060547
est,2013,24.90999984741211
est,2014,25.31999969482422
est,2015,25.540000915527344
fin,1980,14.210000038146973
fin,1981,14.260000228881836
fin,1982,14.670000076293945
fin,1983,15.15999984741211
fin,1984,15.59000015258789
fin,1985,16.100000381469727
fin,1986,16.719999313354492
fin,1987,17.260000228881836
fin,1988,17.84000015258789
fin,1989,18.719999313354492
fin,1990,19.170000076293945
fin,1991,19.350000381469727
fin,1992,20.059999465942383
fin,1993,21.139999389648438
fin,1994,22.040000915527344
fin,1995,22.549999237060547
fin,1996,23.059999465942383
fin,1997,23.829999923706055
fin,1998,24.809999465942383
fin,1999,25.239999771118164
fin,2000,26.31999969482422
fin,2001,26.90999984741211
fin,2002,27.209999084472656
fin,2003,27.850000381469727
fin,2004,28.75
fin,2005,29.270000457763672
fin,2006,29.979999542236328
fin,2007,30.90999984741211
fin,2008,30.579999923706055
fin,2009,29.149999618530273
fin,2010,30.100000381469727
fin,2011,30.59000015258789
fin,2012,30.110000610351562
fin,2013,30.299999237060547
fin,2014,30.329999923706055
fin,2015,30.56999969482422
fra,1980,19.68000030517578
fra,1981,20.1200008392334
fra,1982,21.450000762939453
fra,1983,21.950000762939453
fra,1984,22.479999542236328
fra,1985,23.329999923706055
fra,1986,23.850000381469727
fra,1987,24.059999465942383
fra,1988,24.739999771118164
fra,1989,25.540000915527344
fra,1990,26.049999237060547
fra,1991,26.420000076293945
fra,1992,26.989999771118164
fra,1993,27.360000610351562
fra,1994,28.040000915527344
fra,1995,28.790000915527344
fra,1996,28.989999771118164
fra,1997,29.6200008392334
fra,1998,30.399999618530273
fra,1999,30.899999618530273
fra,2000,32.04999923706055
fra,2001,32.40999984741211
fra,2002,33.459999084472656
fra,2003,33.79999923706055
fra,2004,34.040000915527344
fra,2005,34.47999954223633
fra,2006,35.459999084472656
fra,2007,35.40999984741211
fra,2008,35.150001525878906
fra,2009,34.93000030517578
fra,2010,35.47999954223633
fra,2011,35.90999984741211
fra,2012,36.15999984741211
fra,2013,36.33000183105469
fra,2014,36.400001525878906
fra,2015,36.380001068115234
deu,1991,22.049999237060547
deu,1992,22.610000610351562
deu,1993,23.030000686645508
deu,1994,23.65999984741211
deu,1995,24.100000381469727
deu,1996,24.559999465942383
deu,1997,25.209999084472656
deu,1998,25.5
deu,1999,25.850000381469727
deu,2000,26.510000228881836
deu,2001,27.219999313354492
deu,2002,27.559999465942383
deu,2003,27.780000686645508
deu,2004,28.059999465942383
deu,2005,28.479999542236328
deu,2006,29.030000686645508
deu,2007,29.479999542236328
deu,2008,29.520000457763672
deu,2009,28.760000228881836
deu,2010,29.469999313354492
deu,2011,30.059999465942383
deu,2012,30.25
deu,2013,30.360000610351562
deu,2014,30.389999389648438
deu,2015,30.700000762939453
grc,1980,11.149999618530273
grc,1981,10.609999656677246
grc,1982,10.770000457763672
grc,1983,10.770000457763672
grc,1984,11.09000015258789
grc,1985,11.170000076293945
grc,1986,11.3100004196167
grc,1987,11.25
grc,1988,11.579999923706055
grc,1989,11.960000038146973
grc,1990,11.800000190734863
grc,1991,12.380000114440918
grc,1992,12.4399995803833
grc,1993,12.109999656677246
grc,1994,12.180000305175781
grc,1995,12.300000190734863
grc,1996,12.75
grc,1997,13.380000114440918
grc,1998,13.329999923706055
grc,1999,13.760000228881836
grc,2000,14.239999771118164
grc,2001,14.770000457763672
grc,2002,14.920000076293945
grc,2003,15.710000038146973
grc,2004,16.170000076293945
grc,2005,15.760000228881836
grc,2006,16.459999084472656
grc,2007,16.93000030517578
grc,2008,16.68000030517578
grc,2009,16.229999542236328
grc,2010,16.25
grc,2011,15.079999923706055
grc,2012,15.829999923706055
grc,2013,15.800000190734863
grc,2014,15.949999809265137
grc,2015,16.139999389648438
hkg,1980,9.489999771118164
hkg,1981,9.729999542236328
hkg,1982,10.100000381469727
hkg,1983,10.649999618530273
hkg,1984,11.390000343322754
hkg,1985,11.359999656677246
hkg,1986,12.1899995803833
hkg,1987,13.649999618530273
hkg,1988,14.1899995803833
hkg,1989,14.920000076293945
hkg,1990,15.720000267028809
hkg,1991,16.1299991607666
hkg,1992,17.8799991607666
hkg,1993,18.25
hkg,1994,19.09000015258789
hkg,1995,19.860000610351562
hkg,1996,19.3799991607666
hkg,1997,20.18000030517578
hkg,1998,19.25
hkg,1999,19.450000762939453
hkg,2000,20.059999465942383
hkg,2001,19.93000030517578
hkg,2002,20.299999237060547
hkg,2003,21.239999771118164
hkg,2004,22.260000228881836
hkg,2005,23.559999465942383
hkg,2006,25.059999465942383
hkg,2007,25.920000076293945
hkg,2008,26.809999465942383
hkg,2009,26.459999084472656
hkg,2010,26.440000534057617
hkg,2011,28.709999084472656
hkg,2012,28.530000686645508
hkg,2013,28.809999465942383
hkg,2014,29.170000076293945
hkg,2015,29.649999618530273
hun,1980,5.909999847412109
hun,1981,5.71999979019165
hun,1982,6.230000019073486
hun,1983,6.269999980926514
hun,1984,6.710000038146973
hun,1985,6.670000076293945
hun,1986,6.849999904632568
hun,1987,6.820000171661377
hun,1988,6.980000019073486
hun,1989,6.929999828338623
hun,1990,6.699999809265137
hun,1991,6.340000152587891
hun,1992,6.860000133514404
hun,1993,7.289999961853027
hun,1994,7.159999847412109
hun,1995,7.380000114440918
hun,1996,7.400000095367432
hun,1997,7.550000190734863
hun,1998,7.75
hun,1999,7.71999979019165
hun,2000,7.989999771118164
hun,2001,8.470000267028809
hun,2002,8.800000190734863
hun,2003,9.260000228881836
hun,2004,9.760000228881836
hun,2005,10.199999809265137
hun,2006,10.579999923706055
hun,2007,10.640000343322754
hun,2008,10.9399995803833
hun,2009,10.579999923706055
hun,2010,10.720000267028809
hun,2011,10.819999694824219
hun,2012,11.130000114440918
hun,2013,11.25
hun,2014,11.430000305175781
hun,2015,11.510000228881836
isl,1980,16.170000076293945
isl,1981,16.149999618530273
isl,1982,15.979999542236328
isl,1983,15.569999694824219
isl,1984,16.0
isl,1985,15.960000038146973
isl,1986,16.5
isl,1987,16.959999084472656
isl,1988,17.3799991607666
isl,1989,17.709999084472656
isl,1990,18.190000534057617
isl,1991,18.1200008392334
isl,1992,17.360000610351562
isl,1993,17.93000030517578
isl,1994,18.579999923706055
isl,1995,17.8799991607666
isl,1996,18.420000076293945
isl,1997,20.1200008392334
isl,1998,20.809999465942383
isl,1999,20.290000915527344
isl,2000,20.690000534057617
isl,2001,21.559999465942383
isl,2002,22.399999618530273
isl,2003,22.989999771118164
isl,2004,24.81999969482422
isl,2005,25.579999923706055
isl,2006,25.510000228881836
isl,2007,27.149999618530273
isl,2008,27.229999542236328
isl,2009,28.809999465942383
isl,2010,28.270000457763672
isl,2011,28.239999771118164
isl,2012,28.709999084472656
isl,2013,28.809999465942383
isl,2014,28.84000015258789
isl,2015,29.1299991607666
idn,1980,2.7799999713897705
idn,1981,2.8499999046325684
idn,1982,2.559999942779541
idn,1983,2.640000104904175
idn,1984,2.75
idn,1985,2.700000047683716
idn,1986,2.7300000190734863
idn,1987,2.7699999809265137
idn,1988,2.799999952316284
idn,1989,2.950000047683716
idn,1990,3.130000114440918
idn,1991,3.369999885559082
idn,1992,3.5799999237060547
idn,1993,3.7799999713897705
idn,1994,3.9100000858306885
idn,1995,4.309999942779541
idn,1996,4.380000114440918
idn,1997,4.409999847412109
idn,1998,3.809999942779541
idn,1999,3.740000009536743
idn,2000,3.809999942779541
idn,2001,3.859999895095825
idn,2002,4.03000020980835
idn,2003,3.740000009536743
idn,2004,3.799999952316284
idn,2005,4.090000152587891
idn,2006,4.25
idn,2007,4.510000228881836
idn,2008,4.650000095367432
idn,2009,4.929999828338623
idn,2010,5.0
idn,2011,5.340000152587891
idn,2012,5.679999828338623
idn,2013,5.900000095367432
idn,2014,6.239999771118164
idn,2015,6.449999809265137
irl,1980,11.380000114440918
irl,1981,11.960000038146973
irl,1982,12.329999923706055
irl,1983,12.470000267028809
irl,1984,13.359999656677246
irl,1985,13.34000015258789
irl,1986,13.300000190734863
irl,1987,13.989999771118164
irl,1988,14.680000305175781
irl,1989,15.449999809265137
irl,1990,16.1299991607666
irl,1991,16.760000228881836
irl,1992,17.649999618530273
irl,1993,18.09000015258789
irl,1994,18.530000686645508
irl,1995,19.3799991607666
irl,1996,20.329999923706055
irl,1997,21.90999984741211
irl,1998,22.90999984741211
irl,1999,23.850000381469727
irl,2000,25.1200008392334
irl,2001,25.770000457763672
irl,2002,27.1200008392334
irl,2003,27.670000076293945
irl,2004,28.15999984741211
irl,2005,28.239999771118164
irl,2006,28.540000915527344
irl,2007,28.899999618530273
irl,2008,28.649999618530273
irl,2009,29.6200008392334
irl,2010,30.969999313354492
irl,2011,32.40999984741211
irl,2012,32.41999816894531
irl,2013,31.559999465942383
irl,2014,32.38999938964844
irl,2015,32.369998931884766
isr,1981,14.819999694824219
isr,1982,15.0600004196167
isr,1983,15.210000038146973
isr,1984,15.100000381469727
isr,1985,15.739999771118164
isr,1986,16.309999465942383
isr,1987,17.09000015258789
isr,1988,17.219999313354492
isr,1989,17.0
isr,1990,17.790000915527344
isr,1991,18.1200008392334
isr,1992,18.229999542236328
isr,1993,17.860000610351562
isr,1994,17.59000015258789
isr,1995,17.639999389648438
isr,1996,17.809999465942383
isr,1997,18.030000686645508
isr,1998,18.559999465942383
isr,1999,18.520000457763672
isr,2000,19.389999389648438
isr,2001,19.469999313354492
isr,2002,19.1299991607666
isr,2003,19.229999542236328
isr,2004,20.110000610351562
isr,2005,20.399999618530273
isr,2006,21.079999923706055
isr,2007,21.34000015258789
isr,2008,21.3799991607666
isr,2009,21.350000381469727
isr,2010,21.959999084472656
isr,2011,22.299999237060547
isr,2012,22.389999389648438
isr,2013,22.639999389648438
isr,2014,22.510000228881836
isr,2015,22.8700008392334
ita,1980,18.649999618530273
ita,1981,18.690000534057617
ita,1982,18.6299991607666
ita,1983,18.799999237060547
ita,1984,19.389999389648438
ita,1985,19.790000915527344
ita,1986,20.1200008392334
ita,1987,20.479999542236328
ita,1988,21.010000228881836
ita,1989,21.649999618530273
ita,1990,21.899999618530273
ita,1991,21.90999984741211
ita,1992,22.209999084472656
ita,1993,22.6299991607666
ita,1994,23.579999923706055
ita,1995,24.280000686645508
ita,1996,24.31999969482422
ita,1997,24.760000228881836
ita,1998,24.729999542236328
ita,1999,24.889999389648438
ita,2000,25.59000015258789
ita,2001,25.719999313354492
ita,2002,25.520000457763672
ita,2003,25.329999923706055
ita,2004,25.59000015258789
ita,2005,25.729999542236328
ita,2006,25.729999542236328
ita,2007,25.709999084472656
ita,2008,25.549999237060547
ita,2009,24.989999771118164
ita,2010,25.559999465942383
ita,2011,25.690000534057617
ita,2012,25.6200008392334
ita,2013,25.65999984741211
ita,2014,25.520000457763672
ita,2015,25.56999969482422
jam,1986,4.650000095367432
jam,1987,4.789999961853027
jam,1988,4.730000019073486
jam,1989,4.849999904632568
jam,1990,5.119999885559082
jam,1991,5.099999904632568
jam,1992,5.119999885559082
jam,1993,5.25
jam,1994,5.179999828338623
jam,1995,5.119999885559082
jam,1996,5.090000152587891
jam,1997,5.070000171661377
jam,1998,4.929999828338623
jam,1999,5.119999885559082
jam,2000,5.210000038146973
jam,2001,5.21999979019165
jam,2002,4.949999809265137
jam,2003,4.940000057220459
jam,2004,5.03000020980835
jam,2005,4.929999828338623
jam,2006,4.889999866485596
jam,2007,5.510000228881836
jam,2008,5.449999809265137
jam,2009,5.579999923706055
jam,2010,5.659999847412109
jam,2011,5.75
jam,2012,5.699999809265137
jam,2013,5.71999979019165
jam,2014,5.639999866485596
jam,2015,5.659999847412109
jpn,1980,12.539999961853027
jpn,1981,12.930000305175781
jpn,1982,13.229999542236328
jpn,1983,13.399999618530273
jpn,1984,13.789999961853027
jpn,1985,14.420000076293945
jpn,1986,14.729999542236328
jpn,1987,15.289999961853027
jpn,1988,16.09000015258789
jpn,1989,16.790000915527344
jpn,1990,17.690000534057617
jpn,1991,18.229999542236328
jpn,1992,18.489999771118164
jpn,1993,19.040000915527344
jpn,1994,19.229999542236328
jpn,1995,19.68000030517578
jpn,1996,20.09000015258789
jpn,1997,20.559999465942383
jpn,1998,20.639999389648438
jpn,1999,21.239999771118164
jpn,2000,21.75
jpn,2001,22.049999237060547
jpn,2002,22.510000228881836
jpn,2003,22.8700008392334
jpn,2004,23.43000030517578
jpn,2005,23.729999542236328
jpn,2006,23.889999389648438
jpn,2007,24.299999237060547
jpn,2008,24.350000381469727
jpn,2009,24.139999389648438
jpn,2010,25.09000015258789
jpn,2011,25.100000381469727
jpn,2012,25.280000686645508
jpn,2013,25.690000534057617
jpn,2014,25.530000686645508
jpn,2015,25.610000610351562
kor,1980,4.0
kor,1981,4.130000114440918
kor,1982,4.309999942779541
kor,1983,4.730000019073486
kor,1984,5.179999828338623
kor,1985,5.360000133514404
kor,1986,5.71999979019165
kor,1987,6.110000133514404
kor,1988,6.699999809265137
kor,1989,7.110000133514404
kor,1990,7.710000038146973
kor,1991,8.260000228881836
kor,1992,8.640000343322754
kor,1993,9.020000457763672
kor,1994,9.569999694824219
kor,1995,10.100000381469727
kor,1996,10.640000343322754
kor,1997,11.300000190734863
kor,1998,11.770000457763672
kor,1999,12.770000457763672
kor,2000,13.229999542236328
kor,2001,13.630000114440918
kor,2002,14.460000038146973
kor,2003,15.149999618530273
kor,2004,15.789999961853027
kor,2005,16.469999313354492
kor,2006,17.139999389648438
kor,2007,18.170000076293945
kor,2008,19.06999969482422
kor,2009,19.3799991607666
kor,2010,20.780000686645508
kor,2011,22.15999984741211
kor,2012,21.520000457763672
kor,2013,22.690000534057617
kor,2014,23.1299991607666
kor,2015,23.479999542236328
lva,1990,9.100000381469727
lva,1991,8.050000190734863
lva,1992,5.980000019073486
lva,1993,5.690000057220459
lva,1994,6.389999866485596
lva,1995,7.130000114440918
lva,1996,7.460000038146973
lva,1997,7.570000171661377
lva,1998,8.100000381469727
lva,1999,8.390000343322754
lva,2000,8.649999618530273
lva,2001,9.1899995803833
lva,2002,9.770000457763672
lva,2003,10.479999542236328
lva,2004,11.460000038146973
lva,2005,12.229999542236328
lva,2006,15.390000343322754
lva,2007,16.520000457763672
lva,2008,15.140000343322754
lva,2009,15.550000190734863
lva,2010,16.329999923706055
lva,2011,16.739999771118164
lva,2012,17.459999084472656
lva,2013,17.850000381469727
lva,2014,18.420000076293945
lva,2015,18.850000381469727
ltu,1990,9.890000343322754
ltu,1991,9.140000343322754
ltu,1992,7.460000038146973
ltu,1993,6.519999980926514
ltu,1994,6.159999847412109
ltu,1995,7.360000133514404
ltu,1996,7.690000057220459
ltu,1997,8.239999771118164
ltu,1998,8.699999809265137
ltu,1999,9.079999923706055
ltu,2000,9.1899995803833
ltu,2001,10.270000457763672
ltu,2002,10.760000228881836
ltu,2003,11.720000267028809
ltu,2004,12.09000015258789
ltu,2005,12.930000305175781
ltu,2006,13.970000267028809
ltu,2007,14.970000267028809
ltu,2008,15.329999923706055
ltu,2009,14.680000305175781
ltu,2010,15.579999923706055
ltu,2011,16.68000030517578
ltu,2012,17.030000686645508
ltu,2013,17.5
ltu,2014,17.739999771118164
ltu,2015,17.8799991607666
lux,1980,20.489999771118164
lux,1981,20.93000030517578
lux,1982,21.1200008392334
lux,1983,21.889999389648438
lux,1984,23.309999465942383
lux,1985,23.56999969482422
lux,1986,24.920000076293945
lux,1987,24.860000610351562
lux,1988,26.31999969482422
lux,1989,28.139999389648438
lux,1990,27.579999923706055
lux,1991,29.1299991607666
lux,1992,29.239999771118164
lux,1993,29.809999465942383
lux,1994,30.540000915527344
lux,1995,29.959999084472656
lux,1996,30.139999389648438
lux,1997,31.219999313354492
lux,1998,31.93000030517578
lux,1999,33.029998779296875
lux,2000,34.06999969482422
lux,2001,33.220001220703125
lux,2002,33.459999084472656
lux,2003,33.27000045776367
lux,2004,34.130001068115234
lux,2005,35.119998931884766
lux,2006,35.439998626708984
lux,2007,35.81999969482422
lux,2008,34.34000015258789
lux,2009,34.4900016784668
lux,2010,36.7599983215332
lux,2011,37.9900016784668
lux,2012,36.70000076293945
lux,2013,37.06999969482422
lux,2014,36.619998931884766
lux,2015,36.29999923706055
mys,1980,4.659999847412109
mys,1981,4.630000114440918
mys,1982,4.909999847412109
mys,1983,5.019999980926514
mys,1984,5.329999923706055
mys,1985,5.199999809265137
mys,1986,5.159999847412109
mys,1987,5.25
mys,1988,5.5
mys,1989,5.769999980926514
mys,1990,5.940000057220459
mys,1991,6.269999980926514
mys,1992,6.610000133514404
mys,1993,6.929999828338623
mys,1994,7.349999904632568
mys,1995,7.929999828338623
mys,1996,7.860000133514404
mys,1997,8.239999771118164
mys,1998,7.610000133514404
mys,1999,7.880000114440918
mys,2000,8.170000076293945
mys,2001,8.109999656677246
mys,2002,8.270000457763672
mys,2003,8.479999542236328
mys,2004,9.079999923706055
mys,2005,9.34000015258789
mys,2006,9.670000076293945
mys,2007,10.149999618530273
mys,2008,10.609999656677246
mys,2009,10.180000305175781
mys,2010,9.9399995803833
mys,2011,10.1899995803833
mys,2012,10.460000038146973
mys,2013,10.390000343322754
mys,2014,10.729999542236328
mys,2015,10.979999542236328
mlt,1980,6.889999866485596
mlt,1981,7.28000020980835
mlt,1982,7.840000152587891
mlt,1983,7.920000076293945
mlt,1984,8.140000343322754
mlt,1985,8.289999961853027
mlt,1986,8.470000267028809
mlt,1987,8.34000015258789
mlt,1988,8.829999923706055
mlt,1989,9.529999732971191
mlt,1990,10.039999961853027
mlt,1991,10.350000381469727
mlt,1992,10.779999732971191
mlt,1993,11.25
mlt,1994,11.75
mlt,1995,11.979999542236328
mlt,1996,12.279999732971191
mlt,1997,12.880000114440918
mlt,1998,13.420000076293945
mlt,1999,14.100000381469727
mlt,2000,15.260000228881836
mlt,2001,15.729999542236328
mlt,2002,15.710000038146973
mlt,2003,16.290000915527344
mlt,2004,17.110000610351562
mlt,2005,16.93000030517578
mlt,2006,17.0
mlt,2007,17.329999923706055
mlt,2008,17.420000076293945
mlt,2009,17.049999237060547
mlt,2010,17.719999313354492
mlt,2011,18.059999465942383
mlt,2012,18.219999313354492
mlt,2013,18.34000015258789
mlt,2014,18.34000015258789
mlt,2015,18.389999389648438
mex,1980,9.8100004196167
mex,1981,10.319999694824219
mex,1982,9.899999618530273
mex,1983,9.430000305175781
mex,1984,9.369999885559082
mex,1985,9.180000305175781
mex,1986,8.5600004196167
mex,1987,8.40999984741211
mex,1988,8.229999542236328
mex,1989,8.260000228881836
mex,1990,8.380000114440918
mex,1991,8.720000267028809
mex,1992,8.760000228881836
mex,1993,8.59000015258789
mex,1994,8.529999732971191
mex,1995,8.020000457763672
mex,1996,7.980000019073486
mex,1997,7.880000114440918
mex,1998,8.34000015258789
mex,1999,8.270000457763672
mex,2000,8.890000343322754
mex,2001,8.989999771118164
mex,2002,8.649999618530273
mex,2003,8.90999984741211
mex,2004,9.0600004196167
mex,2005,9.0
mex,2006,9.34000015258789
mex,2007,9.550000190734863
mex,2008,9.260000228881836
mex,2009,9.3100004196167
mex,2010,8.850000381469727
mex,2011,9.119999885559082
mex,2012,9.180000305175781
mex,2013,9.109999656677246
mex,2014,9.149999618530273
mex,2015,9.25
nld,1980,21.75
nld,1981,21.739999771118164
nld,1982,22.020000457763672
nld,1983,22.809999465942383
nld,1984,23.5
nld,1985,24.030000686645508
nld,1986,24.360000610351562
nld,1987,24.540000915527344
nld,1988,24.780000686645508
nld,1989,25.350000381469727
nld,1990,25.709999084472656
nld,1991,26.0
nld,1992,25.959999084472656
nld,1993,26.360000610351562
nld,1994,26.81999969482422
nld,1995,26.850000381469727
nld,1996,26.829999923706055
nld,1997,27.34000015258789
nld,1998,27.940000534057617
nld,1999,28.40999984741211
nld,2000,29.389999389648438
nld,2001,29.510000228881836
nld,2002,29.649999618530273
nld,2003,30.06999969482422
nld,2004,30.540000915527344
nld,2005,31.31999969482422
nld,2006,31.899999618530273
nld,2007,32.29999923706055
nld,2008,32.439998626708984
nld,2009,31.81999969482422
nld,2010,32.38999938964844
nld,2011,32.619998931884766
nld,2012,32.189998626708984
nld,2013,32.459999084472656
nld,2014,32.7599983215332
nld,2015,33.0099983215332
nzl,1980,13.449999809265137
nzl,1981,14.359999656677246
nzl,1982,14.609999656677246
nzl,1983,15.069999694824219
nzl,1984,15.609999656677246
nzl,1985,15.359999656677246
nzl,1986,15.550000190734863
nzl,1987,15.829999923706055
nzl,1988,15.899999618530273
nzl,1989,16.899999618530273
nzl,1990,17.209999084472656
nzl,1991,17.100000381469727
nzl,1992,17.329999923706055
nzl,1993,17.81999969482422
nzl,1994,18.489999771118164
nzl,1995,18.510000228881836
nzl,1996,18.6299991607666
nzl,1997,18.84000015258789
nzl,1998,18.790000915527344
nzl,1999,18.93000030517578
nzl,2000,19.5
nzl,2001,19.790000915527344
nzl,2002,20.25
nzl,2003,20.639999389648438
nzl,2004,20.81999969482422
nzl,2005,20.809999465942383
nzl,2006,20.860000610351562
nzl,2007,21.5
nzl,2008,21.110000610351562
nzl,2009,21.34000015258789
nzl,2010,21.549999237060547
nzl,2011,21.649999618530273
nzl,2012,22.260000228881836
nzl,2013,22.219999313354492
nzl,2014,22.059999465942383
nzl,2015,22.43000030517578
nor,1980,20.010000228881836
nor,1981,20.059999465942383
nor,1982,20.239999771118164
nor,1983,21.100000381469727
nor,1984,22.239999771118164
nor,1985,22.860000610351562
nor,1986,22.989999771118164
nor,1987,23.40999984741211
nor,1988,23.489999771118164
nor,1989,24.459999084472656
nor,1990,25.31999969482422
nor,1991,26.40999984741211
nor,1992,27.229999542236328
nor,1993,27.860000610351562
nor,1994,28.90999984741211
nor,1995,29.84000015258789
nor,1996,30.81999969482422
nor,1997,31.639999389648438
nor,1998,31.68000030517578
nor,1999,32.04999923706055
nor,2000,33.279998779296875
nor,2001,34.459999084472656
nor,2002,35.18000030517578
nor,2003,36.2400016784668
nor,2004,36.90999984741211
nor,2005,37.310001373291016
nor,2006,37.0
nor,2007,36.34000015258789
nor,2008,35.22999954223633
nor,2009,35.349998474121094
nor,2010,35.529998779296875
nor,2011,35.2400016784668
nor,2012,35.529998779296875
nor,2013,35.560001373291016
nor,2014,35.790000915527344
nor,2015,36.11000061035156
pak,1980,1.6399999856948853
pak,1981,1.7300000190734863
pak,1982,1.8200000524520874
pak,1983,1.909999966621399
pak,1984,1.9199999570846558
pak,1985,2.0299999713897705
pak,1986,2.140000104904175
pak,1987,2.1700000762939453
pak,1988,2.2899999618530273
pak,1989,2.319999933242798
pak,1990,2.3399999141693115
pak,1991,2.569999933242798
pak,1992,2.5799999237060547
pak,1993,2.549999952316284
pak,1994,2.619999885559082
pak,1995,2.7300000190734863
pak,1996,2.75
pak,1997,2.6600000858306885
pak,1998,2.619999885559082
pak,1999,2.6600000858306885
pak,2000,2.7699999809265137
pak,2001,2.799999952316284
pak,2002,2.819999933242798
pak,2003,2.9200000762939453
pak,2004,3.0
pak,2005,3.1700000762939453
pak,2006,3.109999895095825
pak,2007,3.1500000953674316
pak,2008,3.119999885559082
pak,2009,3.109999895095825
pak,2010,3.0899999141693115
pak,2011,3.0899999141693115
pak,2012,3.1700000762939453
pak,2013,3.299999952316284
pak,2014,3.369999885559082
pak,2015,3.4100000858306885
per,1980,7.269999980926514
per,1981,7.329999923706055
per,1982,7.139999866485596
per,1983,5.900000095367432
per,1984,5.980000019073486
per,1985,5.980000019073486
per,1986,6.079999923706055
per,1987,6.380000114440918
per,1988,5.840000152587891
per,1989,5.019999980926514
per,1990,4.650000095367432
per,1991,4.480000019073486
per,1992,4.449999809265137
per,1993,4.510000228881836
per,1994,4.829999923706055
per,1995,4.929999828338623
per,1996,4.889999866485596
per,1997,5.090000152587891
per,1998,4.860000133514404
per,1999,4.769999980926514
per,2000,4.75
per,2001,4.769999980926514
per,2002,5.03000020980835
per,2003,5.079999923706055
per,2004,5.25
per,2005,5.46999979019165
per,2006,5.659999847412109
per,2007,5.989999771118164
per,2008,6.349999904632568
per,2009,6.480000019073486
per,2010,6.869999885559082
per,2011,7.159999847412109
per,2012,7.46999979019165
per,2013,7.730000019073486
per,2014,7.829999923706055
per,2015,8.0
pol,1990,5.920000076293945
pol,1991,5.869999885559082
pol,1992,6.159999847412109
pol,1993,6.519999980926514
pol,1994,6.880000114440918
pol,1995,7.360000133514404
pol,1996,7.670000076293945
pol,1997,7.960000038146973
pol,1998,8.220000267028809
pol,1999,8.680000305175781
pol,2000,9.289999961853027
pol,2001,9.609999656677246
pol,2002,10.140000343322754
pol,2003,10.600000381469727
pol,2004,11.010000228881836
pol,2005,11.1899995803833
pol,2006,11.510000228881836
pol,2007,11.829999923706055
pol,2008,11.890000343322754
pol,2009,12.25
pol,2010,13.079999923706055
pol,2011,13.65999984741211
pol,2012,13.920000076293945
pol,2013,14.1899995803833
pol,2014,14.380000114440918
pol,2015,14.720000267028809
prt,1980,10.050000190734863
prt,1981,10.25
prt,1982,10.579999923706055
prt,1983,10.180000305175781
prt,1984,10.100000381469727
prt,1985,10.510000228881836
prt,1986,11.0
prt,1987,11.260000228881836
prt,1988,11.770000457763672
prt,1989,11.949999809265137
prt,1990,11.760000228881836
prt,1991,12.970000267028809
prt,1992,13.510000228881836
prt,1993,13.449999809265137
prt,1994,13.420000076293945
prt,1995,13.630000114440918
prt,1996,13.869999885559082
prt,1997,14.149999618530273
prt,1998,14.300000190734863
prt,1999,14.619999885559082
prt,2000,14.770000457763672
prt,2001,14.930000305175781
prt,2002,15.039999961853027
prt,2003,15.100000381469727
prt,2004,15.430000305175781
prt,2005,15.600000381469727
prt,2006,15.880000114440918
prt,2007,16.1299991607666
prt,2008,16.219999313354492
prt,2009,16.170000076293945
prt,2010,16.690000534057617
prt,2011,16.920000076293945
prt,2012,17.219999313354492
prt,2013,17.459999084472656
prt,2014,17.329999923706055
prt,2015,17.479999542236328
rou,1990,3.180000066757202
rou,1991,2.690000057220459
rou,1992,2.559999942779541
rou,1993,2.7100000381469727
rou,1994,2.7899999618530273
rou,1995,3.2799999713897705
rou,1996,3.450000047683716
rou,1997,3.259999990463257
rou,1998,3.2899999618530273
rou,1999,3.3299999237060547
rou,2000,3.430000066757202
rou,2001,3.6700000762939453
rou,2002,4.260000228881836
rou,2003,4.570000171661377
rou,2004,5.010000228881836
rou,2005,5.28000020980835
rou,2006,5.619999885559082
rou,2007,5.949999809265137
rou,2008,6.449999809265137
rou,2009,6.150000095367432
rou,2010,6.150000095367432
rou,2011,6.150000095367432
rou,2012,6.800000190734863
rou,2013,7.070000171661377
rou,2014,7.179999828338623
rou,2015,7.329999923706055
rus,1990,8.550000190734863
rus,1991,8.3100004196167
rus,1992,7.300000190734863
rus,1993,6.760000228881836
rus,1994,6.239999771118164
rus,1995,6.179999828338623
rus,1996,6.0
rus,1997,6.019999980926514
rus,1998,5.809999942779541
rus,1999,5.690000057220459
rus,2000,6.0
rus,2001,6.309999942779541
rus,2002,6.449999809265137
rus,2003,6.900000095367432
rus,2004,7.300000190734863
rus,2005,7.679999828338623
rus,2006,8.1899995803833
rus,2007,8.670000076293945
rus,2008,9.079999923706055
rus,2009,8.670000076293945
rus,2010,8.989999771118164
rus,2011,9.229999542236328
rus,2012,9.449999809265137
rus,2013,9.600000381469727
rus,2014,9.640000343322754
rus,2015,9.329999923706055
lca,1985,3.2100000381469727
lca,1986,3.740000009536743
lca,1987,3.8299999237060547
lca,1988,4.400000095367432
lca,1989,4.730000019073486
lca,1990,4.829999923706055
lca,1991,4.699999809265137
lca,1992,4.869999885559082
lca,1993,4.659999847412109
lca,1994,4.840000152587891
lca,1995,4.519999980926514
lca,1996,4.75
lca,1997,4.920000076293945
lca,1998,5.289999961853027
lca,1999,5.039999961853027
lca,2000,4.78000020980835
lca,2001,4.590000152587891
lca,2002,4.679999828338623
lca,2003,4.849999904632568
lca,2004,5.420000076293945
lca,2005,5.059999942779541
lca,2006,5.289999961853027
lca,2007,5.0
lca,2008,5.230000019073486
lca,2009,5.53000020980835
lca,2010,5.570000171661377
lca,2011,5.599999904632568
lca,2012,5.460000038146973
lca,2013,5.389999866485596
lca,2014,5.269999980926514
lca,2015,5.320000171661377
sgp,1980,9.210000038146973
sgp,1981,9.220000267028809
sgp,1982,9.260000228881836
sgp,1983,9.710000038146973
sgp,1984,10.300000190734863
sgp,1985,10.539999961853027
sgp,1986,10.699999809265137
sgp,1987,11.039999961853027
sgp,1988,11.579999923706055
sgp,1989,11.760000228881836
sgp,1990,12.140000343322754
sgp,1991,12.109999656677246
sgp,1992,12.59000015258789
sgp,1993,13.649999618530273
sgp,1994,14.380000114440918
sgp,1995,14.5
sgp,1996,14.880000114440918
sgp,1997,15.25
sgp,1998,14.59000015258789
sgp,1999,15.380000114440918
sgp,2000,16.899999618530273
sgp,2001,15.59000015258789
sgp,2002,16.6200008392334
sgp,2003,17.440000534057617
sgp,2004,19.110000610351562
sgp,2005,20.280000686645508
sgp,2006,20.84000015258789
sgp,2007,21.649999618530273
sgp,2008,20.34000015258789
sgp,2009,20.190000534057617
sgp,2010,21.709999084472656
sgp,2011,22.649999618530273
sgp,2012,22.670000076293945
sgp,2013,23.280000686645508
sgp,2014,23.889999389648438
sgp,2015,24.18000030517578
svk,1990,8.979999542236328
svk,1991,8.34000015258789
svk,1992,8.34000015258789
svk,1993,8.9399995803833
svk,1994,9.670000076293945
svk,1995,10.270000457763672
svk,1996,10.960000038146973
svk,1997,11.5
svk,1998,12.069999694824219
svk,1999,12.390000343322754
svk,2000,12.800000190734863
svk,2001,13.260000228881836
svk,2002,14.239999771118164
svk,2003,15.34000015258789
svk,2004,15.770000457763672
svk,2005,16.280000686645508
svk,2006,17.209999084472656
svk,2007,18.489999771118164
svk,2008,18.860000610351562
svk,2009,18.350000381469727
svk,2010,19.270000457763672
svk,2011,19.579999923706055
svk,2012,19.920000076293945
svk,2013,20.56999969482422
svk,2014,20.8700008392334
svk,2015,21.280000686645508
svn,1990,11.619999885559082
svn,1991,11.510000228881836
svn,1992,11.670000076293945
svn,1993,12.369999885559082
svn,1994,13.180000305175781
svn,1995,14.279999732971191
svn,1996,15.319999694824219
svn,1997,16.549999237060547
svn,1998,17.0
svn,1999,17.6200008392334
svn,2000,18.190000534057617
svn,2001,18.780000686645508
svn,2002,18.93000030517578
svn,2003,19.5
svn,2004,20.15999984741211
svn,2005,21.549999237060547
svn,2006,22.809999465942383
svn,2007,23.780000686645508
svn,2008,23.719999313354492
svn,2009,22.219999313354492
svn,2010,22.84000015258789
svn,2011,23.700000762939453
svn,2012,23.579999923706055
svn,2013,23.489999771118164
svn,2014,23.780000686645508
svn,2015,23.989999771118164
zaf,2003,6.300000190734863
zaf,2004,6.449999809265137
zaf,2005,6.340000152587891
zaf,2006,6.539999961853027
zaf,2007,6.949999809265137
zaf,2008,7.070000171661377
zaf,2009,7.230000019073486
zaf,2010,7.630000114440918
zaf,2011,7.539999961853027
zaf,2012,7.639999866485596
zaf,2013,7.590000152587891
zaf,2014,7.570000171661377
zaf,2015,7.699999809265137
esp,1980,14.229999542236328
esp,1981,14.920000076293945
esp,1982,15.489999771118164
esp,1983,16.219999313354492
esp,1984,17.239999771118164
esp,1985,17.8799991607666
esp,1986,18.1299991607666
esp,1987,18.3700008392334
esp,1988,18.760000228881836
esp,1989,19.190000534057617
esp,1990,19.290000915527344
esp,1991,19.450000762939453
esp,1992,20.0
esp,1993,20.459999084472656
esp,1994,21.059999465942383
esp,1995,21.690000534057617
esp,1996,21.940000534057617
esp,1997,21.899999618530273
esp,1998,21.780000686645508
esp,1999,21.700000762939453
esp,2000,21.809999465942383
esp,2001,21.81999969482422
esp,2002,21.860000610351562
esp,2003,21.940000534057617
esp,2004,21.989999771118164
esp,2005,22.079999923706055
esp,2006,22.200000762939453
esp,2007,22.469999313354492
esp,2008,22.559999465942383
esp,2009,23.110000610351562
esp,2010,23.649999618530273
esp,2011,24.030000686645508
esp,2012,24.6200008392334
esp,2013,25.040000915527344
esp,2014,25.219999313354492
esp,2015,25.270000457763672
lka,1980,2.940000057220459
lka,1981,3.109999895095825
lka,1982,3.059999942779541
lka,1983,3.119999885559082
lka,1984,3.1700000762939453
lka,1985,3.1500000953674316
lka,1986,3.190000057220459
lka,1987,3.1700000762939453
lka,1988,3.25
lka,1989,3.2699999809265137
lka,1990,3.690000057220459
lka,1991,3.7300000190734863
lka,1992,4.059999942779541
lka,1993,4.059999942779541
lka,1994,4.300000190734863
lka,1995,4.559999942779541
lka,1996,4.559999942779541
lka,1997,4.880000114440918
lka,1998,4.769999980926514
lka,1999,4.880000114440918
lka,2000,4.880000114440918
lka,2001,4.71999979019165
lka,2002,4.900000095367432
lka,2003,4.980000019073486
lka,2004,5.150000095367432
lka,2005,5.309999942779541
lka,2006,5.570000171661377
lka,2007,5.860000133514404
lka,2008,6.369999885559082
lka,2009,6.590000152587891
lka,2010,6.909999847412109
lka,2011,7.300000190734863
lka,2012,7.610000133514404
lka,2013,7.880000114440918
lka,2014,8.460000038146973
lka,2015,9.0
swe,1980,19.219999313354492
swe,1981,19.18000030517578
swe,1982,19.270000457763672
swe,1983,19.450000762939453
swe,1984,19.860000610351562
swe,1985,19.940000534057617
swe,1986,20.3799991607666
swe,1987,20.719999313354492
swe,1988,20.75
swe,1989,21.100000381469727
swe,1990,21.200000762939453
swe,1991,21.459999084472656
swe,1992,21.950000762939453
swe,1993,22.229999542236328
swe,1994,22.809999465942383
swe,1995,23.280000686645508
swe,1996,23.639999389648438
swe,1997,24.56999969482422
swe,1998,25.209999084472656
swe,1999,25.68000030517578
swe,2000,26.6200008392334
swe,2001,26.860000610351562
swe,2002,27.809999465942383
swe,2003,28.8799991607666
swe,2004,29.889999389648438
swe,2005,30.65999984741211
swe,2006,31.68000030517578
swe,2007,31.770000457763672
swe,2008,31.209999084472656
swe,2009,30.469999313354492
swe,2010,31.479999542236328
swe,2011,31.690000534057617
swe,2012,31.639999389648438
swe,2013,31.959999084472656
swe,2014,32.15999984741211
swe,2015,32.72999954223633
che,1980,20.260000228881836
che,1981,20.34000015258789
che,1982,19.959999084472656
che,1983,20.239999771118164
che,1984,20.93000030517578
che,1985,21.34000015258789
che,1986,21.309999465942383
che,1987,20.969999313354492
che,1988,21.100000381469727
che,1989,21.649999618530273
che,1990,21.889999389648438
che,1991,21.209999084472656
che,1992,21.219999313354492
che,1993,21.420000076293945
che,1994,21.56999969482422
che,1995,21.950000762939453
che,1996,22.450000762939453
che,1997,23.1299991607666
che,1998,23.389999389648438
che,1999,23.280000686645508
che,2000,24.030000686645508
che,2001,24.549999237060547
che,2002,24.729999542236328
che,2003,24.6299991607666
che,2004,24.809999465942383
che,2005,25.450000762939453
che,2006,26.079999923706055
che,2007,26.639999389648438
che,2008,26.760000228881836
che,2009,26.200000762939453
che,2010,26.670000076293945
che,2011,26.6200008392334
che,2012,26.770000457763672
che,2013,27.239999771118164
che,2014,27.540000915527344
che,2015,27.6299991607666
twn,1980,5.539999961853027
twn,1981,5.980000019073486
twn,1982,6.039999961853027
twn,1983,6.340000152587891
twn,1984,6.78000020980835
twn,1985,7.130000114440918
twn,1986,7.590000152587891
twn,1987,8.5
twn,1988,8.920000076293945
twn,1989,9.619999885559082
twn,1990,10.239999771118164
twn,1991,10.859999656677246
twn,1992,11.430000305175781
twn,1993,12.0600004196167
twn,1994,12.670000076293945
twn,1995,13.470000267028809
twn,1996,14.239999771118164
twn,1997,14.819999694824219
twn,1998,15.4399995803833
twn,1999,16.190000534057617
twn,2000,16.950000762939453
twn,2001,17.770000457763672
twn,2002,18.459999084472656
twn,2003,18.90999984741211
twn,2004,19.40999984741211
twn,2005,20.18000030517578
twn,2006,21.030000686645508
twn,2007,21.959999084472656
twn,2008,21.969999313354492
twn,2009,22.200000762939453
twn,2010,23.510000228881836
twn,2011,24.290000915527344
twn,2012,24.290000915527344
twn,2013,24.84000015258789
twn,2014,25.3799991607666
twn,2015,25.8700008392334
tha,1980,2.4800000190734863
tha,1981,2.8399999141693115
tha,1982,2.509999990463257
tha,1983,2.880000114440918
tha,1984,2.890000104904175
tha,1985,3.009999990463257
tha,1986,3.069999933242798
tha,1987,3.190000057220459
tha,1988,3.440000057220459
tha,1989,3.7699999809265137
tha,1990,3.859999895095825
tha,1991,4.420000076293945
tha,1992,4.579999923706055
tha,1993,4.909999847412109
tha,1994,5.289999961853027
tha,1995,5.599999904632568
tha,1996,5.860000133514404
tha,1997,5.599999904632568
tha,1998,5.449999809265137
tha,1999,5.590000152587891
tha,2000,5.71999979019165
tha,2001,5.78000020980835
tha,2002,5.869999885559082
tha,2003,6.179999828338623
tha,2004,6.360000133514404
tha,2005,6.610000133514404
tha,2006,6.860000133514404
tha,2007,7.119999885559082
tha,2008,7.090000152587891
tha,2009,6.900000095367432
tha,2010,7.340000152587891
tha,2011,7.309999942779541
tha,2012,7.730000019073486
tha,2013,7.960000038146973
tha,2014,8.1899995803833
tha,2015,8.420000076293945
tto,1991,17.950000762939453
tto,1992,17.670000076293945
tto,1993,17.299999237060547
tto,1994,17.309999465942383
tto,1995,17.219999313354492
tto,1996,17.719999313354492
tto,1997,18.34000015258789
tto,1998,18.979999542236328
tto,1999,20.010000228881836
tto,2000,20.469999313354492
tto,2001,20.809999465942383
tto,2002,22.440000534057617
tto,2003,25.030000686645508
tto,2004,25.850000381469727
tto,2005,26.729999542236328
tto,2006,29.850000381469727
tto,2007,31.030000686645508
tto,2008,31.350000381469727
tto,2009,31.440000534057617
tto,2010,31.899999618530273
tto,2011,30.899999618530273
tto,2012,30.8700008392334
tto,2013,29.920000076293945
tto,2014,30.329999923706055
tto,2015,30.809999465942383
tur,1980,6.449999809265137
tur,1981,6.690000057220459
tur,1982,6.980000019073486
tur,1983,7.199999809265137
tur,1984,7.75
tur,1985,7.900000095367432
tur,1986,8.369999885559082
tur,1987,9.09000015258789
tur,1988,9.34000015258789
tur,1989,9.069999694824219
tur,1990,9.739999771118164
tur,1991,9.4399995803833
tur,1992,9.779999732971191
tur,1993,10.979999542236328
tur,1994,9.779999732971191
tur,1995,10.25
tur,1996,10.569999694824219
tur,1997,11.4399995803833
tur,1998,11.460000038146973
tur,1999,10.710000038146973
tur,2000,11.600000381469727
tur,2001,10.920000076293945
tur,2002,11.619999885559082
tur,2003,12.329999923706055
tur,2004,13.399999618530273
tur,2005,14.079999923706055
tur,2006,14.729999542236328
tur,2007,15.4399995803833
tur,2008,15.300000190734863
tur,2009,14.649999618530273
tur,2010,15.09000015258789
tur,2011,15.489999771118164
tur,2012,15.430000305175781
tur,2013,15.819999694824219
tur,2014,16.020000457763672
tur,2015,16.079999923706055
gbr,1980,16.010000228881836
gbr,1981,16.5
gbr,1982,17.190000534057617
gbr,1983,17.790000915527344
gbr,1984,17.860000610351562
gbr,1985,18.270000457763672
gbr,1986,19.1299991607666
gbr,1987,19.579999923706055
gbr,1988,19.770000457763672
gbr,1989,19.809999465942383
gbr,1990,19.989999771118164
gbr,1991,20.530000686645508
gbr,1992,21.459999084472656
gbr,1993,22.290000915527344
gbr,1994,22.809999465942383
gbr,1995,23.030000686645508
gbr,1996,23.389999389648438
gbr,1997,23.8799991607666
gbr,1998,24.260000228881836
gbr,1999,24.790000915527344
gbr,2000,25.6299991607666
gbr,2001,26.100000381469727
gbr,2002,26.790000915527344
gbr,2003,27.8700008392334
gbr,2004,28.489999771118164
gbr,2005,28.65999984741211
gbr,2006,29.34000015258789
gbr,2007,29.809999465942383
gbr,2008,29.850000381469727
gbr,2009,29.1299991607666
gbr,2010,29.559999465942383
gbr,2011,29.90999984741211
gbr,2012,29.520000457763672
gbr,2013,29.479999542236328
gbr,2014,29.520000457763672
gbr,2015,29.600000381469727
usa,1980,22.989999771118164
usa,1981,23.510000228881836
usa,1982,23.420000076293945
usa,1983,23.969999313354492
usa,1984,24.479999542236328
usa,1985,24.860000610351562
usa,1986,25.420000076293945
usa,1987,25.6200008392334
usa,1988,25.920000076293945
usa,1989,26.100000381469727
usa,1990,26.510000228881836
usa,1991,26.860000610351562
usa,1992,27.799999237060547
usa,1993,27.899999618530273
usa,1994,28.139999389648438
usa,1995,28.209999084472656
usa,1996,28.920000076293945
usa,1997,29.350000381469727
usa,1998,30.0
usa,1999,30.799999237060547
usa,2000,31.6299991607666
usa,2001,32.34000015258789
usa,2002,33.34000015258789
usa,2003,34.45000076293945
usa,2004,35.349998474121094
usa,2005,36.0
usa,2006,36.29999923706055
usa,2007,36.68000030517578
usa,2008,36.959999084472656
usa,2009,38.02000045776367
usa,2010,38.9900016784668
usa,2011,39.0099983215332
usa,2012,39.2400016784668
usa,2013,39.599998474121094
usa,2014,39.779998779296875
usa,2015,39.95000076293945
ury,1990,7.849999904632568
ury,1991,8.220000267028809
ury,1992,8.760000228881836
ury,1993,8.949999809265137
ury,1994,9.390000343322754
ury,1995,9.140000343322754
ury,1996,9.9399995803833
ury,1997,10.5
ury,1998,11.739999771118164
ury,1999,11.699999809265137
ury,2000,11.859999656677246
ury,2001,11.5
ury,2002,10.829999923706055
ury,2003,11.039999961853027
ury,2004,11.90999984741211
ury,2005,12.300000190734863
ury,2006,12.680000305175781
ury,2007,12.850000381469727
ury,2008,13.420000076293945
ury,2009,13.899999618530273
ury,2010,14.899999618530273
ury,2011,15.239999771118164
ury,2012,16.100000381469727
ury,2013,16.809999465942383
ury,2014,17.299999237060547
ury,2015,17.68000030517578
ven,1980,16.829999923706055
ven,1981,16.290000915527344
ven,1982,15.569999694824219
ven,1983,14.989999771118164
ven,1984,15.199999809265137
ven,1985,14.899999618530273
ven,1986,14.84000015258789
ven,1987,14.619999885559082
ven,1988,14.710000038146973
ven,1989,13.329999923706055
ven,1990,13.770000457763672
ven,1991,14.649999618530273
ven,1992,14.949999809265137
ven,1993,14.260000228881836
ven,1994,13.729999542236328
ven,1995,14.09000015258789
ven,1996,13.920000076293945
ven,1997,14.350000381469727
ven,1998,13.989999771118164
ven,1999,13.329999923706055
ven,2000,13.489999771118164
ven,2001,13.59000015258789
ven,2002,12.640000343322754
ven,2003,11.510000228881836
ven,2004,12.880000114440918
ven,2005,13.319999694824219
ven,2006,13.800000190734863
ven,2007,14.319999694824219
ven,2008,14.40999984741211
ven,2009,14.100000381469727
ven,2010,13.630000114440918
ven,2011,13.84000015258789
ven,2012,14.399999618530273
ven,2013,14.220000267028809
ven,2014,13.069999694824219
ven,2015,12.199999809265137
vnm,1986,0.8299999833106995
vnm,1987,0.8399999737739563
vnm,1988,0.8799999952316284
vnm,1989,0.8999999761581421
vnm,1990,0.8999999761581421
vnm,1991,0.9399999976158142
vnm,1992,0.9900000095367432
vnm,1993,1.0399999618530273
vnm,1994,1.100000023841858
vnm,1995,1.1299999952316284
vnm,1996,1.2300000190734863
vnm,1997,1.340000033378601
vnm,1998,1.4199999570846558
vnm,1999,1.4199999570846558
vnm,2000,1.5299999713897705
vnm,2001,1.6399999856948853
vnm,2002,1.7400000095367432
vnm,2003,1.840000033378601
vnm,2004,1.940000057220459
vnm,2005,2.069999933242798
vnm,2006,2.130000114440918
vnm,2007,2.1700000762939453
vnm,2008,2.1600000858306885
vnm,2009,2.240000009536743
vnm,2010,2.430000066757202
vnm,2011,2.4800000190734863
vnm,2012,2.5799999237060547
vnm,2013,2.6700000762939453
vnm,2014,2.799999952316284
vnm,2015,2.930000066757202
