country,year,gdp_per_hour_worked_1990_100
arg,1980,123.4000015258789
arg,1981,116.80000305175781
arg,1982,112.0999984741211
arg,1983,113.30000305175781
arg,1984,113.69999694824219
arg,1985,106.0999984741211
arg,1986,111.30000305175781
arg,1987,112.5999984741211
arg,1988,109.0
arg,1989,102.0
arg,1990,100.0
arg,1991,107.0
arg,1992,114.0999984741211
arg,1993,120.5
arg,1994,126.30000305175781
arg,1995,127.30000305175781
arg,1996,134.39999389648438
arg,1997,132.89999389648438
arg,1998,133.89999389648438
arg,1999,130.0
arg,2000,130.1999969482422
arg,2001,129.3000030517578
arg,2002,129.89999389648438
arg,2003,124.69999694824219
arg,2004,123.80000305175781
arg,2005,127.19999694824219
arg,2006,128.60000610351562
arg,2007,133.3000030517578
arg,2008,133.1999969482422
arg,2009,134.0
arg,2010,142.10000610351562
arg,2011,143.60000610351562
arg,2012,138.39999389648438
arg,2013,140.60000610351562
arg,2014,139.10000610351562
arg,2015,135.89999389648438
aus,1980,87.5999984741211
aus,1981,90.19999694824219
aus,1982,91.9000015258789
aus,1983,92.5
aus,1984,95.80000305175781
aus,1985,96.80000305175781
aus,1986,96.0999984741211
aus,1987,97.69999694824219
aus,1988,98.19999694824219
aus,1989,99.0
aus,1990,100.0
aus,1991,100.5999984741211
aus,1992,103.80000305175781
aus,1993,106.69999694824219
aus,1994,108.0
aus,1995,107.9000015258789
aus,1996,110.9000015258789
aus,1997,114.5999984741211
aus,1998,118.5999984741211
aus,1999,120.9000015258789
aus,2000,122.5999984741211
aus,2001,125.69999694824219
aus,2002,129.1999969482422
aus,2003,130.1999969482422
aus,2004,132.60000610351562
aus,2005,134.10000610351562
aus,2006,134.89999389648438
aus,2007,137.3000030517578
aus,2008,139.10000610351562
aus,2009,140.6999969482422
aus,2010,142.0
aus,2011,143.3000030517578
aus,2012,146.60000610351562
aus,2013,148.60000610351562
aus,2014,151.1999969482422
aus,2015,155.3000030517578
aut,1980,79.0
aut,1981,82.0999984741211
aut,1982,83.9000015258789
aut,1983,86.69999694824219
aut,1984,87.30000305175781
aut,1985,89.30000305175781
aut,1986,91.30000305175781
aut,1987,93.0999984741211
aut,1988,95.5999984741211
aut,1989,97.5999984741211
aut,1990,100.0
aut,1991,101.5999984741211
aut,1992,105.0999984741211
aut,1993,106.30000305175781
aut,1994,109.0
aut,1995,114.0
aut,1996,114.19999694824219
aut,1997,115.30000305175781
aut,1998,119.5999984741211
aut,1999,121.80000305175781
aut,2000,124.69999694824219
aut,2001,126.4000015258789
aut,2002,128.8000030517578
aut,2003,129.5
aut,2004,132.0
aut,2005,134.89999389648438
aut,2006,138.39999389648438
aut,2007,141.6999969482422
aut,2008,141.8000030517578
aut,2009,141.60000610351562
aut,2010,143.60000610351562
aut,2011,145.10000610351562
aut,2012,146.5
aut,2013,147.60000610351562
aut,2014,146.8000030517578
aut,2015,146.1999969482422
bgd,1980,88.19999694824219
bgd,1981,91.30000305175781
bgd,1982,89.9000015258789
bgd,1983,90.19999694824219
bgd,1984,90.5
bgd,1985,90.9000015258789
bgd,1986,92.30000305175781
bgd,1987,94.80000305175781
bgd,1988,97.5999984741211
bgd,1989,98.30000305175781
bgd,1990,100.0
bgd,1991,100.5
bgd,1992,101.0
bgd,1993,102.9000015258789
bgd,1994,106.0
bgd,1995,108.5999984741211
bgd,1996,111.9000015258789
bgd,1997,114.5999984741211
bgd,1998,117.30000305175781
bgd,1999,120.80000305175781
bgd,2000,123.4000015258789
bgd,2001,122.9000015258789
bgd,2002,123.0999984741211
bgd,2003,122.0999984741211
bgd,2004,121.9000015258789
bgd,2005,121.30000305175781
bgd,2006,122.19999694824219
bgd,2007,123.5
bgd,2008,126.4000015258789
bgd,2009,130.0
bgd,2010,134.0
bgd,2011,138.3000030517578
bgd,2012,142.10000610351562
bgd,2013,146.89999389648438
bgd,2014,151.89999389648438
bgd,2015,157.5
bel,1980,82.5
bel,1981,84.0999984741211
bel,1982,87.19999694824219
bel,1983,88.0
bel,1984,88.9000015258789
bel,1985,89.0999984741211
bel,1986,90.9000015258789
bel,1987,93.19999694824219
bel,1988,96.5
bel,1989,98.9000015258789
bel,1990,100.0
bel,1991,103.80000305175781
bel,1992,107.0999984741211
bel,1993,109.69999694824219
bel,1994,113.80000305175781
bel,1995,112.69999694824219
bel,1996,116.0999984741211
bel,1997,118.5999984741211
bel,1998,118.0999984741211
bel,1999,120.5999984741211
bel,2000,121.5
bel,2001,121.4000015258789
bel,2002,124.0
bel,2003,125.5
bel,2004,129.0
bel,2005,130.1999969482422
bel,2006,131.39999389648438
bel,2007,132.8000030517578
bel,2008,132.1999969482422
bel,2009,130.5
bel,2010,132.39999389648438
bel,2011,131.6999969482422
bel,2012,131.39999389648438
bel,2013,131.8000030517578
bel,2014,132.5
bel,2015,133.1999969482422
bra,1980,115.69999694824219
bra,1981,106.80000305175781
bra,1982,102.5
bra,1983,98.4000015258789
bra,1984,100.5999984741211
bra,1985,101.69999694824219
bra,1986,107.5
bra,1987,107.80000305175781
bra,1988,104.5999984741211
bra,1989,106.4000015258789
bra,1990,100.0
bra,1991,101.4000015258789
bra,1992,101.30000305175781
bra,1993,105.30000305175781
bra,1994,110.30000305175781
bra,1995,114.0999984741211
bra,1996,119.4000015258789
bra,1997,121.80000305175781
bra,1998,122.80000305175781
bra,1999,116.30000305175781
bra,2000,119.4000015258789
bra,2001,121.5
bra,2002,122.69999694824219
bra,2003,121.0
bra,2004,122.69999694824219
bra,2005,123.0
bra,2006,124.30000305175781
bra,2007,129.5
bra,2008,133.1999969482422
bra,2009,136.5
bra,2010,141.3000030517578
bra,2011,142.8000030517578
bra,2012,141.39999389648438
bra,2013,144.1999969482422
bra,2014,144.60000610351562
bra,2015,141.6999969482422
bgr,1990,100.0
bgr,1991,105.69999694824219
bgr,1992,108.0999984741211
bgr,1993,108.19999694824219
bgr,1994,108.0
bgr,1995,110.4000015258789
bgr,1996,97.9000015258789
bgr,1997,100.0
bgr,1998,108.0999984741211
bgr,1999,105.4000015258789
bgr,2000,116.5
bgr,2001,121.0
bgr,2002,126.19999694824219
bgr,2003,130.0
bgr,2004,133.10000610351562
bgr,2005,137.8000030517578
bgr,2006,142.3000030517578
bgr,2007,147.39999389648438
bgr,2008,148.8000030517578
bgr,2009,147.89999389648438
bgr,2010,155.10000610351562
bgr,2011,161.8000030517578
bgr,2012,166.6999969482422
bgr,2013,169.10000610351562
bgr,2014,171.5
bgr,2015,173.1999969482422
can,1980,89.5999984741211
can,1981,90.5
can,1982,91.9000015258789
can,1983,94.4000015258789
can,1984,96.80000305175781
can,1985,98.19999694824219
can,1986,97.9000015258789
can,1987,98.30000305175781
can,1988,99.69999694824219
can,1989,100.0
can,1990,100.0
can,1991,100.80000305175781
can,1992,102.9000015258789
can,1993,104.9000015258789
can,1994,107.0
can,1995,108.4000015258789
can,1996,108.19999694824219
can,1997,110.9000015258789
can,1998,113.19999694824219
can,1999,115.80000305175781
can,2000,119.19999694824219
can,2001,120.5
can,2002,122.19999694824219
can,2003,122.9000015258789
can,2004,123.19999694824219
can,2005,126.19999694824219
can,2006,127.5999984741211
can,2007,127.5
can,2008,127.4000015258789
can,2009,128.5
can,2010,130.39999389648438
can,2011,132.3000030517578
can,2012,132.60000610351562
can,2013,134.0
can,2014,136.10000610351562
can,2015,137.1999969482422
chl,1980,107.0999984741211
chl,1981,111.30000305175781
chl,1982,103.0999984741211
chl,1983,93.80000305175781
chl,1984,94.9000015258789
chl,1985,91.0
chl,1986,91.0999984741211
chl,1987,93.30000305175781
chl,1988,94.19999694824219
chl,1989,98.69999694824219
chl,1990,100.0
chl,1991,105.9000015258789
chl,1992,113.0999984741211
chl,1993,114.0999984741211
chl,1994,119.30000305175781
chl,1995,129.5
chl,1996,135.1999969482422
chl,1997,145.3000030517578
chl,1998,145.3000030517578
chl,1999,147.60000610351562
chl,2000,153.39999389648438
chl,2001,158.10000610351562
chl,2002,158.89999389648438
chl,2003,159.6999969482422
chl,2004,166.89999389648438
chl,2005,176.5
chl,2006,182.6999969482422
chl,2007,190.1999969482422
chl,2008,194.0
chl,2009,195.1999969482422
chl,2010,200.6999969482422
chl,2011,205.5
chl,2012,214.6999969482422
chl,2013,219.89999389648438
chl,2014,220.5
chl,2015,224.10000610351562
chn,1990,100.0
chn,1991,105.4000015258789
chn,1992,114.5
chn,1993,124.30000305175781
chn,1994,135.5
chn,1995,154.5
chn,1996,155.6999969482422
chn,1997,161.89999389648438
chn,1998,160.39999389648438
chn,1999,169.1999969482422
chn,2000,182.6999969482422
chn,2001,200.1999969482422
chn,2002,223.60000610351562
chn,2003,255.8000030517578
chn,2004,279.70001220703125
chn,2005,309.70001220703125
chn,2006,349.8999938964844
chn,2007,412.29998779296875
chn,2008,457.79998779296875
chn,2009,497.0
chn,2010,520.0
chn,2011,575.7999877929688
chn,2012,616.5
chn,2013,656.5999755859375
chn,2014,702.7000122070312
chn,2015,749.5999755859375
col,1980,91.4000015258789
col,1981,89.69999694824219
col,1982,89.5
col,1983,91.19999694824219
col,1984,94.0
col,1985,95.0
col,1986,97.80000305175781
col,1987,98.4000015258789
col,1988,99.19999694824219
col,1989,98.19999694824219
col,1990,100.0
col,1991,96.0999984741211
col,1992,99.0999984741211
col,1993,98.0999984741211
col,1994,98.69999694824219
col,1995,99.30000305175781
col,1996,100.80000305175781
col,1997,102.30000305175781
col,1998,103.0
col,1999,100.9000015258789
col,2000,100.5
col,2001,101.19999694824219
col,2002,101.5999984741211
col,2003,102.19999694824219
col,2004,103.9000015258789
col,2005,104.69999694824219
col,2006,108.19999694824219
col,2007,111.4000015258789
col,2008,113.4000015258789
col,2009,115.19999694824219
col,2010,116.69999694824219
col,2011,119.80000305175781
col,2012,122.30000305175781
col,2013,126.0999984741211
col,2014,129.0
col,2015,131.39999389648438
cri,1987,99.0
cri,1988,99.69999694824219
cri,1989,99.80000305175781
cri,1990,100.0
cri,1991,98.9000015258789
cri,1992,101.9000015258789
cri,1993,104.9000015258789
cri,1994,105.9000015258789
cri,1995,107.0
cri,1996,105.30000305175781
cri,1997,106.5999984741211
cri,1998,111.0
cri,1999,116.9000015258789
cri,2000,114.0999984741211
cri,2001,111.30000305175781
cri,2002,112.0
cri,2003,115.19999694824219
cri,2004,119.69999694824219
cri,2005,124.0
cri,2006,129.8000030517578
cri,2007,130.39999389648438
cri,2008,129.10000610351562
cri,2009,131.89999389648438
cri,2010,135.0
cri,2011,141.10000610351562
cri,2012,136.6999969482422
cri,2013,140.60000610351562
cri,2014,140.6999969482422
cri,2015,143.5
cyp,1980,72.80000305175781
cyp,1981,72.80000305175781
cyp,1982,76.0999984741211
cyp,1983,78.4000015258789
cyp,1984,82.30000305175781
cyp,1985,83.19999694824219
cyp,1986,85.4000015258789
cyp,1987,88.69999694824219
cyp,1988,91.9000015258789
cyp,1989,95.5
cyp,1990,100.0
cyp,1991,100.30000305175781
cyp,1992,105.0999984741211
cyp,1993,106.0999984741211
cyp,1994,110.0999984741211
cyp,1995,116.4000015258789
cyp,1996,117.69999694824219
cyp,1997,119.4000015258789
cyp,1998,123.0999984741211
cyp,1999,126.0
cyp,2000,130.60000610351562
cyp,2001,130.6999969482422
cyp,2002,134.10000610351562
cyp,2003,133.5
cyp,2004,136.6999969482422
cyp,2005,139.3000030517578
cyp,2006,141.89999389648438
cyp,2007,144.6999969482422
cyp,2008,147.5
cyp,2009,145.8000030517578
cyp,2010,147.60000610351562
cyp,2011,147.1999969482422
cyp,2012,148.89999389648438
cyp,2013,149.6999969482422
cyp,2014,150.6999969482422
cyp,2015,151.89999389648438
cze,1990,100.0
cze,1991,92.0
cze,1992,96.5
cze,1993,97.0
cze,1994,99.80000305175781
cze,1995,104.0999984741211
cze,1996,108.30000305175781
cze,1997,108.0999984741211
cze,1998,108.5
cze,1999,111.5
cze,2000,117.0999984741211
cze,2001,126.19999694824219
cze,2002,127.5999984741211
cze,2003,134.0
cze,2004,140.10000610351562
cze,2005,146.1999969482422
cze,2006,155.8000030517578
cze,2007,162.3000030517578
cze,2008,162.6999969482422
cze,2009,158.60000610351562
cze,2010,162.10000610351562
cze,2011,165.10000610351562
cze,2012,165.8000030517578
cze,2013,165.3000030517578
cze,2014,166.89999389648438
cze,2015,169.89999389648438
dnk,1980,78.0999984741211
dnk,1981,80.30000305175781
dnk,1982,82.0999984741211
dnk,1983,84.5
dnk,1984,87.0
dnk,1985,89.4000015258789
dnk,1986,90.19999694824219
dnk,1987,92.30000305175781
dnk,1988,95.5
dnk,1989,97.30000305175781
dnk,1990,100.0
dnk,1991,102.19999694824219
dnk,1992,104.19999694824219
dnk,1993,105.9000015258789
dnk,1994,113.5
dnk,1995,115.0
dnk,1996,117.80000305175781
dnk,1997,118.69999694824219
dnk,1998,118.5999984741211
dnk,1999,119.9000015258789
dnk,2000,122.69999694824219
dnk,2001,122.19999694824219
dnk,2002,123.19999694824219
dnk,2003,125.30000305175781
dnk,2004,129.39999389648438
dnk,2005,131.39999389648438
dnk,2006,133.10000610351562
dnk,2007,133.3000030517578
dnk,2008,131.3000030517578
dnk,2009,128.8000030517578
dnk,2010,135.0
dnk,2011,134.8000030517578
dnk,2012,135.5
dnk,2013,135.39999389648438
dnk,2014,135.60000610351562
dnk,2015,137.10000610351562
est,1990,100.0
est,1991,93.0
est,1992,86.0999984741211
est,1993,85.5999984741211
est,1994,85.9000015258789
est,1995,98.0999984741211
est,1996,106.5999984741211
est,1997,118.5999984741211
est,1998,125.69999694824219
est,1999,135.3000030517578
est,2000,141.1999969482422
est,2001,149.60000610351562
est,2002,158.60000610351562
est,2003,166.39999389648438
est,2004,177.1999969482422
est,2005,187.60000610351562
est,2006,198.1999969482422
est,2007,213.6999969482422
est,2008,205.89999389648438
est,2009,210.0
est,2010,221.1999969482422
est,2011,219.60000610351562
est,2012,230.10000610351562
est,2013,233.39999389648438
est,2014,237.3000030517578
est,2015,239.3000030517578
fin,1980,74.19999694824219
fin,1981,74.4000015258789
fin,1982,76.5
fin,1983,79.0999984741211
fin,1984,81.4000015258789
fin,1985,84.0
fin,1986,87.30000305175781
fin,1987,90.0
fin,1988,93.0999984741211
fin,1989,97.69999694824219
fin,1990,100.0
fin,1991,100.9000015258789
fin,1992,104.69999694824219
fin,1993,110.30000305175781
fin,1994,115.0
fin,1995,117.69999694824219
fin,1996,120.30000305175781
fin,1997,124.30000305175781
fin,1998,129.39999389648438
fin,1999,131.6999969482422
fin,2000,137.3000030517578
fin,2001,140.39999389648438
fin,2002,142.0
fin,2003,145.3000030517578
fin,2004,150.0
fin,2005,152.6999969482422
fin,2006,156.39999389648438
fin,2007,161.3000030517578
fin,2008,159.5
fin,2009,152.10000610351562
fin,2010,157.10000610351562
fin,2011,159.60000610351562
fin,2012,157.10000610351562
fin,2013,158.10000610351562
fin,2014,158.1999969482422
fin,2015,159.5
fra,1980,75.5
fra,1981,77.19999694824219
fra,1982,82.30000305175781
fra,1983,84.30000305175781
fra,1984,86.30000305175781
fra,1985,89.5999984741211
fra,1986,91.5
fra,1987,92.4000015258789
fra,1988,95.0
fra,1989,98.0
fra,1990,100.0
fra,1991,101.4000015258789
fra,1992,103.5999984741211
fra,1993,105.0
fra,1994,107.5999984741211
fra,1995,110.5
fra,1996,111.30000305175781
fra,1997,113.69999694824219
fra,1998,116.69999694824219
fra,1999,118.5999984741211
fra,2000,123.0
fra,2001,124.4000015258789
fra,2002,128.39999389648438
fra,2003,129.8000030517578
fra,2004,130.6999969482422
fra,2005,132.3000030517578
fra,2006,136.10000610351562
fra,2007,135.89999389648438
fra,2008,134.89999389648438
fra,2009,134.10000610351562
fra,2010,136.1999969482422
fra,2011,137.89999389648438
fra,2012,138.8000030517578
fra,2013,139.5
fra,2014,139.6999969482422
fra,2015,139.60000610351562
deu,1991,109.4000015258789
deu,1992,112.19999694824219
deu,1993,114.19999694824219
deu,1994,117.30000305175781
deu,1995,119.5
deu,1996,121.80000305175781
deu,1997,125.0
deu,1998,126.5
deu,1999,128.1999969482422
deu,2000,131.5
deu,2001,135.0
deu,2002,136.6999969482422
deu,2003,137.8000030517578
deu,2004,139.1999969482422
deu,2005,141.3000030517578
deu,2006,144.0
deu,2007,146.1999969482422
deu,2008,146.39999389648438
deu,2009,142.60000610351562
deu,2010,146.1999969482422
deu,2011,149.10000610351562
deu,2012,150.0
deu,2013,150.60000610351562
deu,2014,150.6999969482422
deu,2015,152.3000030517578
grc,1980,94.5
grc,1981,89.9000015258789
grc,1982,91.19999694824219
grc,1983,91.30000305175781
grc,1984,94.0
grc,1985,94.5999984741211
grc,1986,95.80000305175781
grc,1987,95.4000015258789
grc,1988,98.0999984741211
grc,1989,101.4000015258789
grc,1990,100.0
grc,1991,104.9000015258789
grc,1992,105.4000015258789
grc,1993,102.5999984741211
grc,1994,103.19999694824219
grc,1995,104.30000305175781
grc,1996,108.0
grc,1997,113.4000015258789
grc,1998,113.0
grc,1999,116.5999984741211
grc,2000,120.69999694824219
grc,2001,125.0999984741211
grc,2002,126.5
grc,2003,133.10000610351562
grc,2004,137.0
grc,2005,133.5
grc,2006,139.5
grc,2007,143.5
grc,2008,141.39999389648438
grc,2009,137.5
grc,2010,137.6999969482422
grc,2011,127.80000305175781
grc,2012,134.10000610351562
grc,2013,133.89999389648438
grc,2014,135.10000610351562
grc,2015,136.6999969482422
hkg,1980,60.400001525878906
hkg,1981,61.900001525878906
hkg,1982,64.19999694824219
hkg,1983,67.69999694824219
hkg,1984,72.4000015258789
hkg,1985,72.30000305175781
hkg,1986,77.5
hkg,1987,86.9000015258789
hkg,1988,90.30000305175781
hkg,1989,94.9000015258789
hkg,1990,100.0
hkg,1991,102.5999984741211
hkg,1992,113.69999694824219
hkg,1993,116.0999984741211
hkg,1994,121.4000015258789
hkg,1995,126.30000305175781
hkg,1996,123.30000305175781
hkg,1997,128.39999389648438
hkg,1998,122.4000015258789
hkg,1999,123.69999694824219
hkg,2000,127.5999984741211
hkg,2001,126.80000305175781
hkg,2002,129.10000610351562
hkg,2003,135.10000610351562
hkg,2004,141.60000610351562
hkg,2005,149.89999389648438
hkg,2006,159.39999389648438
hkg,2007,164.89999389648438
hkg,2008,170.60000610351562
hkg,2009,168.39999389648438
hkg,2010,168.1999969482422
hkg,2011,182.6999969482422
hkg,2012,181.5
hkg,2013,183.3000030517578
hkg,2014,185.60000610351562
hkg,2015,188.60000610351562
hun,1980,88.30000305175781
hun,1981,85.30000305175781
hun,1982,92.9000015258789
hun,1983,93.5
hun,1984,100.0999984741211
hun,1985,99.5
hun,1986,102.19999694824219
hun,1987,101.80000305175781
hun,1988,104.19999694824219
hun,1989,103.5
hun,1990,100.0
hun,1991,94.69999694824219
hun,1992,102.4000015258789
hun,1993,108.69999694824219
hun,1994,106.80000305175781
hun,1995,110.19999694824219
hun,1996,110.5
hun,1997,112.69999694824219
hun,1998,115.5999984741211
hun,1999,115.19999694824219
hun,2000,119.30000305175781
hun,2001,126.4000015258789
hun,2002,131.39999389648438
hun,2003,138.1999969482422
hun,2004,145.6999969482422
hun,2005,152.3000030517578
hun,2006,157.89999389648438
hun,2007,158.89999389648438
hun,2008,163.1999969482422
hun,2009,157.89999389648438
hun,2010,160.0
hun,2011,161.39999389648438
hun,2012,166.10000610351562
hun,2013,167.89999389648438
hun,2014,170.60000610351562
hun,2015,171.8000030517578
isl,1980,88.9000015258789
isl,1981,88.80000305175781
isl,1982,87.80000305175781
isl,1983,85.5999984741211
isl,1984,87.9000015258789
isl,1985,87.69999694824219
isl,1986,90.69999694824219
isl,1987,93.19999694824219
isl,1988,95.5
isl,1989,97.4000015258789
isl,1990,100.0
isl,1991,99.5999984741211
isl,1992,95.4000015258789
isl,1993,98.5
isl,1994,102.0999984741211
isl,1995,98.30000305175781
isl,1996,101.30000305175781
isl,1997,110.5999984741211
isl,1998,114.4000015258789
isl,1999,111.5
isl,2000,113.69999694824219
isl,2001,118.5
isl,2002,123.0999984741211
isl,2003,126.30000305175781
isl,2004,136.39999389648438
isl,2005,140.60000610351562
isl,2006,140.1999969482422
isl,2007,149.3000030517578
isl,2008,149.6999969482422
isl,2009,158.3000030517578
isl,2010,155.39999389648438
isl,2011,155.1999969482422
isl,2012,157.8000030517578
isl,2013,158.39999389648438
isl,2014,158.5
isl,2015,160.10000610351562
idn,1980,88.9000015258789
idn,1981,91.0
idn,1982,81.5999984741211
idn,1983,84.30000305175781
idn,1984,87.80000305175781
idn,1985,86.0999984741211
idn,1986,87.0999984741211
idn,1987,88.4000015258789
idn,1988,89.5999984741211
idn,1989,94.0999984741211
idn,1990,100.0
idn,1991,107.5
idn,1992,114.5
idn,1993,120.80000305175781
idn,1994,124.80000305175781
idn,1995,137.60000610351562
idn,1996,140.0
idn,1997,140.6999969482422
idn,1998,121.69999694824219
idn,1999,119.30000305175781
idn,2000,121.69999694824219
idn,2001,123.30000305175781
idn,2002,128.8000030517578
idn,2003,119.30000305175781
idn,2004,121.19999694824219
idn,2005,130.6999969482422
idn,2006,135.60000610351562
idn,2007,144.0
idn,2008,148.39999389648438
idn,2009,157.39999389648438
idn,2010,159.60000610351562
idn,2011,170.5
idn,2012,181.3000030517578
idn,2013,188.3000030517578
idn,2014,199.3000030517578
idn,2015,205.89999389648438
irl,1980,70.5
irl,1981,74.19999694824219
irl,1982,76.5
irl,1983,77.30000305175781
irl,1984,82.9000015258789
irl,1985,82.69999694824219
irl,1986,82.5
irl,1987,86.80000305175781
irl,1988,91.0
irl,1989,95.80000305175781
irl,1990,100.0
irl,1991,103.9000015258789
irl,1992,109.4000015258789
irl,1993,112.19999694824219
irl,1994,114.9000015258789
irl,1995,120.19999694824219
irl,1996,126.0999984741211
irl,1997,135.89999389648438
irl,1998,142.10000610351562
irl,1999,147.89999389648438
irl,2000,155.8000030517578
irl,2001,159.8000030517578
irl,2002,168.1999969482422
irl,2003,171.60000610351562
irl,2004,174.60000610351562
irl,2005,175.10000610351562
irl,2006,177.0
irl,2007,179.1999969482422
irl,2008,177.6999969482422
irl,2009,183.6999969482422
irl,2010,192.0
irl,2011,200.89999389648438
irl,2012,201.0
irl,2013,195.6999969482422
irl,2014,200.89999389648438
irl,2015,200.6999969482422
isr,1981,83.30000305175781
isr,1982,84.5999984741211
isr,1983,85.5
isr,1984,84.9000015258789
isr,1985,88.4000015258789
isr,1986,91.69999694824219
isr,1987,96.0999984741211
isr,1988,96.80000305175781
isr,1989,95.5
isr,1990,100.0
isr,1991,101.9000015258789
isr,1992,102.4000015258789
isr,1993,100.4000015258789
isr,1994,98.9000015258789
isr,1995,99.19999694824219
isr,1996,100.0999984741211
isr,1997,101.30000305175781
isr,1998,104.30000305175781
isr,1999,104.0999984741211
isr,2000,109.0
isr,2001,109.4000015258789
isr,2002,107.5
isr,2003,108.0999984741211
isr,2004,113.0
isr,2005,114.69999694824219
isr,2006,118.5
isr,2007,119.9000015258789
isr,2008,120.19999694824219
isr,2009,120.0
isr,2010,123.4000015258789
isr,2011,125.30000305175781
isr,2012,125.80000305175781
isr,2013,127.19999694824219
isr,2014,126.5
isr,2015,128.5
ita,1980,85.19999694824219
ita,1981,85.4000015258789
ita,1982,85.0999984741211
ita,1983,85.9000015258789
ita,1984,88.5999984741211
ita,1985,90.4000015258789
ita,1986,91.9000015258789
ita,1987,93.5
ita,1988,95.9000015258789
ita,1989,98.9000015258789
ita,1990,100.0
ita,1991,100.0
ita,1992,101.4000015258789
ita,1993,103.4000015258789
ita,1994,107.69999694824219
ita,1995,110.9000015258789
ita,1996,111.0
ita,1997,113.0999984741211
ita,1998,112.9000015258789
ita,1999,113.69999694824219
ita,2000,116.9000015258789
ita,2001,117.5
ita,2002,116.5
ita,2003,115.69999694824219
ita,2004,116.9000015258789
ita,2005,117.5
ita,2006,117.5
ita,2007,117.4000015258789
ita,2008,116.69999694824219
ita,2009,114.0999984741211
ita,2010,116.69999694824219
ita,2011,117.30000305175781
ita,2012,117.0
ita,2013,117.19999694824219
ita,2014,116.5
ita,2015,116.80000305175781
jam,1986,90.9000015258789
jam,1987,93.5999984741211
jam,1988,92.30000305175781
jam,1989,94.69999694824219
jam,1990,100.0
jam,1991,99.5999984741211
jam,1992,100.0999984741211
jam,1993,102.69999694824219
jam,1994,101.30000305175781
jam,1995,100.0
jam,1996,99.5
jam,1997,99.0999984741211
jam,1998,96.4000015258789
jam,1999,100.0
jam,2000,101.80000305175781
jam,2001,102.0999984741211
jam,2002,96.69999694824219
jam,2003,96.5
jam,2004,98.30000305175781
jam,2005,96.30000305175781
jam,2006,95.5
jam,2007,107.69999694824219
jam,2008,106.4000015258789
jam,2009,109.0
jam,2010,110.5999984741211
jam,2011,112.30000305175781
jam,2012,111.4000015258789
jam,2013,111.69999694824219
jam,2014,110.30000305175781
jam,2015,110.5
jpn,1980,70.9000015258789
jpn,1981,73.0999984741211
jpn,1982,74.80000305175781
jpn,1983,75.69999694824219
jpn,1984,77.9000015258789
jpn,1985,81.5
jpn,1986,83.30000305175781
jpn,1987,86.4000015258789
jpn,1988,90.9000015258789
jpn,1989,94.9000015258789
jpn,1990,100.0
jpn,1991,103.0
jpn,1992,104.5
jpn,1993,107.5999984741211
jpn,1994,108.69999694824219
jpn,1995,111.30000305175781
jpn,1996,113.5999984741211
jpn,1997,116.19999694824219
jpn,1998,116.5999984741211
jpn,1999,120.0999984741211
jpn,2000,122.9000015258789
jpn,2001,124.5999984741211
jpn,2002,127.30000305175781
jpn,2003,129.3000030517578
jpn,2004,132.39999389648438
jpn,2005,134.10000610351562
jpn,2006,135.0
jpn,2007,137.3000030517578
jpn,2008,137.60000610351562
jpn,2009,136.39999389648438
jpn,2010,141.8000030517578
jpn,2011,141.89999389648438
jpn,2012,142.89999389648438
jpn,2013,145.1999969482422
jpn,2014,144.3000030517578
jpn,2015,144.8000030517578
kor,1980,51.900001525878906
kor,1981,53.5
kor,1982,55.900001525878906
kor,1983,61.400001525878906
kor,1984,67.19999694824219
kor,1985,69.5999984741211
kor,1986,74.19999694824219
kor,1987,79.30000305175781
kor,1988,86.9000015258789
kor,1989,92.19999694824219
kor,1990,100.0
kor,1991,107.19999694824219
kor,1992,112.0999984741211
kor,1993,117.0999984741211
kor,1994,124.0999984741211
kor,1995,131.0
kor,1996,138.10000610351562
kor,1997,146.60000610351562
kor,1998,152.60000610351562
kor,1999,165.60000610351562
kor,2000,171.6999969482422
kor,2001,176.8000030517578
kor,2002,187.5
kor,2003,196.5
kor,2004,204.8000030517578
kor,2005,213.6999969482422
kor,2006,222.39999389648438
kor,2007,235.6999969482422
kor,2008,247.39999389648438
kor,2009,251.39999389648438
kor,2010,269.6000061035156
kor,2011,287.5
kor,2012,279.1000061035156
kor,2013,294.29998779296875
kor,2014,300.0
kor,2015,304.6000061035156
lva,1990,100.0
lva,1991,88.5
lva,1992,65.69999694824219
lva,1993,62.5
lva,1994,70.0999984741211
lva,1995,78.30000305175781
lva,1996,81.9000015258789
lva,1997,83.0999984741211
lva,1998,89.0
lva,1999,92.19999694824219
lva,2000,95.0
lva,2001,101.0
lva,2002,107.30000305175781
lva,2003,115.0999984741211
lva,2004,125.9000015258789
lva,2005,134.3000030517578
lva,2006,169.10000610351562
lva,2007,181.5
lva,2008,166.3000030517578
lva,2009,170.89999389648438
lva,2010,179.39999389648438
lva,2011,183.89999389648438
lva,2012,191.8000030517578
lva,2013,196.10000610351562
lva,2014,202.3000030517578
lva,2015,207.10000610351562
ltu,1990,100.0
ltu,1991,92.4000015258789
ltu,1992,75.4000015258789
ltu,1993,65.9000015258789
ltu,1994,62.29999923706055
ltu,1995,74.4000015258789
ltu,1996,77.69999694824219
ltu,1997,83.30000305175781
ltu,1998,87.9000015258789
ltu,1999,91.80000305175781
ltu,2000,92.80000305175781
ltu,2001,103.80000305175781
ltu,2002,108.80000305175781
ltu,2003,118.4000015258789
ltu,2004,122.19999694824219
ltu,2005,130.6999969482422
ltu,2006,141.1999969482422
ltu,2007,151.3000030517578
ltu,2008,154.89999389648438
ltu,2009,148.39999389648438
ltu,2010,157.39999389648438
ltu,2011,168.5
ltu,2012,172.10000610351562
ltu,2013,176.89999389648438
ltu,2014,179.3000030517578
ltu,2015,180.6999969482422
lux,1980,74.30000305175781
lux,1981,75.9000015258789
lux,1982,76.5999984741211
lux,1983,79.4000015258789
lux,1984,84.5
lux,1985,85.4000015258789
lux,1986,90.30000305175781
lux,1987,90.0999984741211
lux,1988,95.4000015258789
lux,1989,102.0
lux,1990,100.0
lux,1991,105.5999984741211
lux,1992,106.0
lux,1993,108.0999984741211
lux,1994,110.69999694824219
lux,1995,108.5999984741211
lux,1996,109.30000305175781
lux,1997,113.19999694824219
lux,1998,115.80000305175781
lux,1999,119.80000305175781
lux,2000,123.5
lux,2001,120.5
lux,2002,121.30000305175781
lux,2003,120.5999984741211
lux,2004,123.69999694824219
lux,2005,127.30000305175781
lux,2006,128.5
lux,2007,129.8000030517578
lux,2008,124.5
lux,2009,125.0
lux,2010,133.3000030517578
lux,2011,137.6999969482422
lux,2012,133.10000610351562
lux,2013,134.39999389648438
lux,2014,132.8000030517578
lux,2015,131.60000610351562
mys,1980,78.5
mys,1981,77.80000305175781
mys,1982,82.5999984741211
mys,1983,84.5
mys,1984,89.69999694824219
mys,1985,87.5
mys,1986,86.9000015258789
mys,1987,88.4000015258789
mys,1988,92.5
mys,1989,97.0999984741211
mys,1990,100.0
mys,1991,105.5
mys,1992,111.30000305175781
mys,1993,116.5999984741211
mys,1994,123.69999694824219
mys,1995,133.5
mys,1996,132.1999969482422
mys,1997,138.60000610351562
mys,1998,128.0
mys,1999,132.60000610351562
mys,2000,137.5
mys,2001,136.5
mys,2002,139.1999969482422
mys,2003,142.6999969482422
mys,2004,152.8000030517578
mys,2005,157.1999969482422
mys,2006,162.6999969482422
mys,2007,170.89999389648438
mys,2008,178.5
mys,2009,171.3000030517578
mys,2010,167.1999969482422
mys,2011,171.39999389648438
mys,2012,176.0
mys,2013,174.8000030517578
mys,2014,180.60000610351562
mys,2015,184.6999969482422
mlt,1980,68.69999694824219
mlt,1981,72.5
mlt,1982,78.0999984741211
mlt,1983,78.9000015258789
mlt,1984,81.0999984741211
mlt,1985,82.5999984741211
mlt,1986,84.4000015258789
mlt,1987,83.0
mlt,1988,88.0
mlt,1989,94.9000015258789
mlt,1990,100.0
mlt,1991,103.0999984741211
mlt,1992,107.30000305175781
mlt,1993,112.0999984741211
mlt,1994,117.0999984741211
mlt,1995,119.30000305175781
mlt,1996,122.30000305175781
mlt,1997,128.1999969482422
mlt,1998,133.60000610351562
mlt,1999,140.39999389648438
mlt,2000,152.0
mlt,2001,156.6999969482422
mlt,2002,156.5
mlt,2003,162.1999969482422
mlt,2004,170.39999389648438
mlt,2005,168.60000610351562
mlt,2006,169.3000030517578
mlt,2007,172.60000610351562
mlt,2008,173.5
mlt,2009,169.8000030517578
mlt,2010,176.39999389648438
mlt,2011,179.89999389648438
mlt,2012,181.5
mlt,2013,182.60000610351562
mlt,2014,182.60000610351562
mlt,2015,183.1999969482422
mex,1980,117.0999984741211
mex,1981,123.0999984741211
mex,1982,118.19999694824219
mex,1983,112.5999984741211
mex,1984,111.9000015258789
mex,1985,109.5
mex,1986,102.0999984741211
mex,1987,100.4000015258789
mex,1988,98.19999694824219
mex,1989,98.5999984741211
mex,1990,100.0
mex,1991,104.0
mex,1992,104.5999984741211
mex,1993,102.5
mex,1994,101.80000305175781
mex,1995,95.69999694824219
mex,1996,95.30000305175781
mex,1997,94.0999984741211
mex,1998,99.5
mex,1999,98.69999694824219
mex,2000,106.19999694824219
mex,2001,107.30000305175781
mex,2002,103.19999694824219
mex,2003,106.4000015258789
mex,2004,108.0999984741211
mex,2005,107.5
mex,2006,111.5
mex,2007,114.0
mex,2008,110.5
mex,2009,111.0999984741211
mex,2010,105.69999694824219
mex,2011,108.80000305175781
mex,2012,109.5
mex,2013,108.69999694824219
mex,2014,109.19999694824219
mex,2015,110.4000015258789
nld,1980,84.5999984741211
nld,1981,84.5999984741211
nld,1982,85.69999694824219
nld,1983,88.69999694824219
nld,1984,91.4000015258789
nld,1985,93.5
nld,1986,94.80000305175781
nld,1987,95.4000015258789
nld,1988,96.4000015258789
nld,1989,98.5999984741211
nld,1990,100.0
nld,1991,101.0999984741211
nld,1992,101.0
nld,1993,102.5999984741211
nld,1994,104.30000305175781
nld,1995,104.4000015258789
nld,1996,104.4000015258789
nld,1997,106.30000305175781
nld,1998,108.69999694824219
nld,1999,110.5
nld,2000,114.30000305175781
nld,2001,114.80000305175781
nld,2002,115.30000305175781
nld,2003,117.0
nld,2004,118.80000305175781
nld,2005,121.80000305175781
nld,2006,124.0999984741211
nld,2007,125.69999694824219
nld,2008,126.19999694824219
nld,2009,123.80000305175781
nld,2010,126.0
nld,2011,126.9000015258789
nld,2012,125.19999694824219
nld,2013,126.30000305175781
nld,2014,127.4000015258789
nld,2015,128.39999389648438
nzl,1980,78.0999984741211
nzl,1981,83.5
nzl,1982,84.9000015258789
nzl,1983,87.5999984741211
nzl,1984,90.69999694824219
nzl,1985,89.19999694824219
nzl,1986,90.30000305175781
nzl,1987,92.0
nzl,1988,92.4000015258789
nzl,1989,98.19999694824219
nzl,1990,100.0
nzl,1991,99.4000015258789
nzl,1992,100.69999694824219
nzl,1993,103.5
nzl,1994,107.4000015258789
nzl,1995,107.5
nzl,1996,108.19999694824219
nzl,1997,109.5
nzl,1998,109.0999984741211
nzl,1999,110.0
nzl,2000,113.30000305175781
nzl,2001,115.0
nzl,2002,117.69999694824219
nzl,2003,119.9000015258789
nzl,2004,121.0
nzl,2005,120.9000015258789
nzl,2006,121.19999694824219
nzl,2007,124.9000015258789
nzl,2008,122.69999694824219
nzl,2009,124.0
nzl,2010,125.19999694824219
nzl,2011,125.80000305175781
nzl,2012,129.3000030517578
nzl,2013,129.10000610351562
nzl,2014,128.1999969482422
nzl,2015,130.3000030517578
nor,1980,79.0
nor,1981,79.19999694824219
nor,1982,79.9000015258789
nor,1983,83.30000305175781
nor,1984,87.9000015258789
nor,1985,90.30000305175781
nor,1986,90.80000305175781
nor,1987,92.5
nor,1988,92.80000305175781
nor,1989,96.5999984741211
nor,1990,100.0
nor,1991,104.30000305175781
nor,1992,107.5
nor,1993,110.0
nor,1994,114.19999694824219
nor,1995,117.9000015258789
nor,1996,121.69999694824219
nor,1997,125.0
nor,1998,125.0999984741211
nor,1999,126.5999984741211
nor,2000,131.39999389648438
nor,2001,136.10000610351562
nor,2002,138.89999389648438
nor,2003,143.10000610351562
nor,2004,145.8000030517578
nor,2005,147.3000030517578
nor,2006,146.10000610351562
nor,2007,143.5
nor,2008,139.1999969482422
nor,2009,139.60000610351562
nor,2010,140.3000030517578
nor,2011,139.1999969482422
nor,2012,140.3000030517578
nor,2013,140.39999389648438
nor,2014,141.3000030517578
nor,2015,142.60000610351562
pak,1980,70.0
pak,1981,74.0
pak,1982,78.0
pak,1983,81.5999984741211
pak,1984,82.19999694824219
pak,1985,86.5999984741211
pak,1986,91.69999694824219
pak,1987,92.5999984741211
pak,1988,97.80000305175781
pak,1989,99.19999694824219
pak,1990,100.0
pak,1991,109.69999694824219
pak,1992,110.0999984741211
pak,1993,109.0
pak,1994,112.0
pak,1995,116.69999694824219
pak,1996,117.30000305175781
pak,1997,113.69999694824219
pak,1998,112.0
pak,1999,113.9000015258789
pak,2000,118.4000015258789
pak,2001,119.5999984741211
pak,2002,120.69999694824219
pak,2003,124.80000305175781
pak,2004,128.3000030517578
pak,2005,135.5
pak,2006,132.8000030517578
pak,2007,134.6999969482422
pak,2008,133.5
pak,2009,133.0
pak,2010,131.89999389648438
pak,2011,132.1999969482422
pak,2012,135.5
pak,2013,140.89999389648438
pak,2014,143.89999389648438
pak,2015,145.6999969482422
per,1980,156.39999389648438
per,1981,157.8000030517578
per,1982,153.60000610351562
per,1983,127.0
per,1984,128.6999969482422
per,1985,128.60000610351562
per,1986,130.8000030517578
per,1987,137.1999969482422
per,1988,125.5999984741211
per,1989,108.0999984741211
per,1990,100.0
per,1991,96.30000305175781
per,1992,95.80000305175781
per,1993,97.0
per,1994,103.9000015258789
per,1995,106.19999694824219
per,1996,105.19999694824219
per,1997,109.5
per,1998,104.5
per,1999,102.69999694824219
per,2000,102.19999694824219
per,2001,102.5999984741211
per,2002,108.19999694824219
per,2003,109.30000305175781
per,2004,113.0
per,2005,117.69999694824219
per,2006,121.9000015258789
per,2007,128.89999389648438
per,2008,136.60000610351562
per,2009,139.39999389648438
per,2010,147.8000030517578
per,2011,154.0
per,2012,160.6999969482422
per,2013,166.1999969482422
per,2014,168.5
per,2015,172.1999969482422
pol,1990,100.0
pol,1991,99.0999984741211
pol,1992,104.0999984741211
pol,1993,110.19999694824219
pol,1994,116.30000305175781
pol,1995,124.4000015258789
pol,1996,129.5
pol,1997,134.39999389648438
pol,1998,138.8000030517578
pol,1999,146.6999969482422
pol,2000,157.0
pol,2001,162.39999389648438
pol,2002,171.3000030517578
pol,2003,179.0
pol,2004,186.10000610351562
pol,2005,189.10000610351562
pol,2006,194.5
pol,2007,199.8000030517578
pol,2008,200.8000030517578
pol,2009,206.89999389648438
pol,2010,221.0
pol,2011,230.8000030517578
pol,2012,235.1999969482422
pol,2013,239.6999969482422
pol,2014,242.89999389648438
pol,2015,248.6999969482422
prt,1980,85.5
prt,1981,87.19999694824219
prt,1982,90.0
prt,1983,86.5999984741211
prt,1984,85.9000015258789
prt,1985,89.4000015258789
prt,1986,93.5
prt,1987,95.80000305175781
prt,1988,100.0999984741211
prt,1989,101.5999984741211
prt,1990,100.0
prt,1991,110.30000305175781
prt,1992,114.9000015258789
prt,1993,114.4000015258789
prt,1994,114.0999984741211
prt,1995,116.0
prt,1996,118.0
prt,1997,120.30000305175781
prt,1998,121.69999694824219
prt,1999,124.30000305175781
prt,2000,125.5999984741211
prt,2001,127.0
prt,2002,127.9000015258789
prt,2003,128.39999389648438
prt,2004,131.1999969482422
prt,2005,132.6999969482422
prt,2006,135.10000610351562
prt,2007,137.1999969482422
prt,2008,137.89999389648438
prt,2009,137.60000610351562
prt,2010,142.0
prt,2011,143.89999389648438
prt,2012,146.5
prt,2013,148.5
prt,2014,147.39999389648438
prt,2015,148.6999969482422
rou,1990,100.0
rou,1991,84.5
rou,1992,80.5999984741211
rou,1993,85.0999984741211
rou,1994,87.69999694824219
rou,1995,103.19999694824219
rou,1996,108.5
rou,1997,102.5
rou,1998,103.5
rou,1999,104.9000015258789
rou,2000,108.0999984741211
rou,2001,115.4000015258789
rou,2002,134.0
rou,2003,143.8000030517578
rou,2004,157.6999969482422
rou,2005,166.1999969482422
rou,2006,176.8000030517578
rou,2007,187.3000030517578
rou,2008,203.10000610351562
rou,2009,193.6999969482422
rou,2010,193.39999389648438
rou,2011,193.60000610351562
rou,2012,214.0
rou,2013,222.39999389648438
rou,2014,226.0
rou,2015,230.6999969482422
rus,1990,100.0
rus,1991,97.0999984741211
rus,1992,85.4000015258789
rus,1993,79.0
rus,1994,73.0
rus,1995,72.30000305175781
rus,1996,70.0999984741211
rus,1997,70.4000015258789
rus,1998,67.9000015258789
rus,1999,66.5
rus,2000,70.0999984741211
rus,2001,73.69999694824219
rus,2002,75.4000015258789
rus,2003,80.69999694824219
rus,2004,85.4000015258789
rus,2005,89.80000305175781
rus,2006,95.80000305175781
rus,2007,101.30000305175781
rus,2008,106.19999694824219
rus,2009,101.4000015258789
rus,2010,105.0999984741211
rus,2011,108.0
rus,2012,110.4000015258789
rus,2013,112.19999694824219
rus,2014,112.69999694824219
rus,2015,109.0999984741211
lca,1985,66.5
lca,1986,77.4000015258789
lca,1987,79.4000015258789
lca,1988,91.0999984741211
lca,1989,98.0
lca,1990,100.0
lca,1991,97.30000305175781
lca,1992,100.9000015258789
lca,1993,96.4000015258789
lca,1994,100.30000305175781
lca,1995,93.5999984741211
lca,1996,98.5
lca,1997,102.0
lca,1998,109.5
lca,1999,104.30000305175781
lca,2000,99.0999984741211
lca,2001,95.0999984741211
lca,2002,97.0
lca,2003,100.5999984741211
lca,2004,112.30000305175781
lca,2005,104.69999694824219
lca,2006,109.5999984741211
lca,2007,103.5999984741211
lca,2008,108.4000015258789
lca,2009,114.5
lca,2010,115.4000015258789
lca,2011,116.0
lca,2012,113.0
lca,2013,111.5999984741211
lca,2014,109.19999694824219
lca,2015,110.0999984741211
sgp,1980,75.9000015258789
sgp,1981,76.0
sgp,1982,76.19999694824219
sgp,1983,80.0
sgp,1984,84.9000015258789
sgp,1985,86.80000305175781
sgp,1986,88.0999984741211
sgp,1987,91.0
sgp,1988,95.4000015258789
sgp,1989,96.9000015258789
sgp,1990,100.0
sgp,1991,99.80000305175781
sgp,1992,103.69999694824219
sgp,1993,112.5
sgp,1994,118.5
sgp,1995,119.5
sgp,1996,122.5999984741211
sgp,1997,125.69999694824219
sgp,1998,120.19999694824219
sgp,1999,126.69999694824219
sgp,2000,139.1999969482422
sgp,2001,128.39999389648438
sgp,2002,136.89999389648438
sgp,2003,143.6999969482422
sgp,2004,157.39999389648438
sgp,2005,167.10000610351562
sgp,2006,171.6999969482422
sgp,2007,178.39999389648438
sgp,2008,167.60000610351562
sgp,2009,166.3000030517578
sgp,2010,178.89999389648438
sgp,2011,186.60000610351562
sgp,2012,186.8000030517578
sgp,2013,191.8000030517578
sgp,2014,196.8000030517578
sgp,2015,199.1999969482422
svk,1990,100.0
svk,1991,92.80000305175781
svk,1992,92.80000305175781
svk,1993,99.5
svk,1994,107.69999694824219
svk,1995,114.30000305175781
svk,1996,122.0
svk,1997,128.0
svk,1998,134.3000030517578
svk,1999,138.0
svk,2000,142.5
svk,2001,147.60000610351562
svk,2002,158.5
svk,2003,170.8000030517578
svk,2004,175.5
svk,2005,181.1999969482422
svk,2006,191.60000610351562
svk,2007,205.8000030517578
svk,2008,210.0
svk,2009,204.3000030517578
svk,2010,214.5
svk,2011,217.89999389648438
svk,2012,221.8000030517578
svk,2013,228.89999389648438
svk,2014,232.3000030517578
svk,2015,237.0
svn,1990,100.0
svn,1991,99.0999984741211
svn,1992,100.5
svn,1993,106.5
svn,1994,113.5
svn,1995,122.9000015258789
svn,1996,131.89999389648438
svn,1997,142.5
svn,1998,146.39999389648438
svn,1999,151.6999969482422
svn,2000,156.60000610351562
svn,2001,161.6999969482422
svn,2002,162.89999389648438
svn,2003,167.89999389648438
svn,2004,173.5
svn,2005,185.5
svn,2006,196.39999389648438
svn,2007,204.8000030517578
svn,2008,204.1999969482422
svn,2009,191.3000030517578
svn,2010,196.60000610351562
svn,2011,204.10000610351562
svn,2012,203.0
svn,2013,202.3000030517578
svn,2014,204.6999969482422
svn,2015,206.5
esp,1980,73.69999694824219
esp,1981,77.30000305175781
esp,1982,80.30000305175781
esp,1983,84.0999984741211
esp,1984,89.4000015258789
esp,1985,92.69999694824219
esp,1986,94.0
esp,1987,95.19999694824219
esp,1988,97.30000305175781
esp,1989,99.5
esp,1990,100.0
esp,1991,100.80000305175781
esp,1992,103.69999694824219
esp,1993,106.0999984741211
esp,1994,109.19999694824219
esp,1995,112.4000015258789
esp,1996,113.69999694824219
esp,1997,113.5
esp,1998,112.9000015258789
esp,1999,112.5
esp,2000,113.0
esp,2001,113.0999984741211
esp,2002,113.30000305175781
esp,2003,113.69999694824219
esp,2004,114.0
esp,2005,114.4000015258789
esp,2006,115.0999984741211
esp,2007,116.5
esp,2008,116.9000015258789
esp,2009,119.80000305175781
esp,2010,122.5999984741211
esp,2011,124.5
esp,2012,127.5999984741211
esp,2013,129.8000030517578
esp,2014,130.6999969482422
esp,2015,131.0
lka,1980,79.9000015258789
lka,1981,84.19999694824219
lka,1982,83.0
lka,1983,84.80000305175781
lka,1984,85.9000015258789
lka,1985,85.5999984741211
lka,1986,86.5999984741211
lka,1987,86.0999984741211
lka,1988,88.0999984741211
lka,1989,88.69999694824219
lka,1990,100.0
lka,1991,101.30000305175781
lka,1992,110.0999984741211
lka,1993,110.19999694824219
lka,1994,116.80000305175781
lka,1995,123.5999984741211
lka,1996,123.80000305175781
lka,1997,132.3000030517578
lka,1998,129.3000030517578
lka,1999,132.5
lka,2000,132.3000030517578
lka,2001,128.0
lka,2002,133.0
lka,2003,135.10000610351562
lka,2004,139.8000030517578
lka,2005,144.10000610351562
lka,2006,151.0
lka,2007,159.0
lka,2008,172.6999969482422
lka,2009,178.8000030517578
lka,2010,187.3000030517578
lka,2011,197.89999389648438
lka,2012,206.3000030517578
lka,2013,213.6999969482422
lka,2014,229.60000610351562
lka,2015,244.10000610351562
swe,1980,90.69999694824219
swe,1981,90.5
swe,1982,90.9000015258789
swe,1983,91.69999694824219
swe,1984,93.69999694824219
swe,1985,94.0999984741211
swe,1986,96.0999984741211
swe,1987,97.80000305175781
swe,1988,97.9000015258789
swe,1989,99.5
swe,1990,100.0
swe,1991,101.19999694824219
swe,1992,103.5
swe,1993,104.9000015258789
swe,1994,107.5999984741211
swe,1995,109.80000305175781
swe,1996,111.5
swe,1997,115.9000015258789
swe,1998,118.9000015258789
swe,1999,121.0999984741211
swe,2000,125.5
swe,2001,126.69999694824219
swe,2002,131.1999969482422
swe,2003,136.1999969482422
swe,2004,141.0
swe,2005,144.60000610351562
swe,2006,149.39999389648438
swe,2007,149.89999389648438
swe,2008,147.1999969482422
swe,2009,143.6999969482422
swe,2010,148.5
swe,2011,149.5
swe,2012,149.3000030517578
swe,2013,150.6999969482422
swe,2014,151.6999969482422
swe,2015,154.39999389648438
che,1980,92.5999984741211
che,1981,92.9000015258789
che,1982,91.19999694824219
che,1983,92.5
che,1984,95.5999984741211
che,1985,97.5
che,1986,97.4000015258789
che,1987,95.80000305175781
che,1988,96.4000015258789
che,1989,98.9000015258789
che,1990,100.0
che,1991,96.9000015258789
che,1992,97.0
che,1993,97.9000015258789
che,1994,98.5
che,1995,100.30000305175781
che,1996,102.5999984741211
che,1997,105.69999694824219
che,1998,106.9000015258789
che,1999,106.4000015258789
che,2000,109.80000305175781
che,2001,112.19999694824219
che,2002,113.0
che,2003,112.5999984741211
che,2004,113.4000015258789
che,2005,116.30000305175781
che,2006,119.0999984741211
che,2007,121.69999694824219
che,2008,122.30000305175781
che,2009,119.69999694824219
che,2010,121.9000015258789
che,2011,121.5999984741211
che,2012,122.30000305175781
che,2013,124.5
che,2014,125.9000015258789
che,2015,126.19999694824219
twn,1980,54.099998474121094
twn,1981,58.400001525878906
twn,1982,59.0
twn,1983,62.0
twn,1984,66.19999694824219
twn,1985,69.5999984741211
twn,1986,74.0999984741211
twn,1987,83.0
twn,1988,87.0999984741211
twn,1989,94.0
twn,1990,100.0
twn,1991,106.0999984741211
twn,1992,111.69999694824219
twn,1993,117.80000305175781
twn,1994,123.80000305175781
twn,1995,131.60000610351562
twn,1996,139.10000610351562
twn,1997,144.6999969482422
twn,1998,150.8000030517578
twn,1999,158.1999969482422
twn,2000,165.5
twn,2001,173.5
twn,2002,180.3000030517578
twn,2003,184.6999969482422
twn,2004,189.60000610351562
twn,2005,197.10000610351562
twn,2006,205.39999389648438
twn,2007,214.5
twn,2008,214.60000610351562
twn,2009,216.89999389648438
twn,2010,229.60000610351562
twn,2011,237.3000030517578
twn,2012,237.3000030517578
twn,2013,242.60000610351562
twn,2014,247.89999389648438
twn,2015,252.6999969482422
tha,1980,64.30000305175781
tha,1981,73.5
tha,1982,65.0999984741211
tha,1983,74.5
tha,1984,74.69999694824219
tha,1985,78.0
tha,1986,79.5
tha,1987,82.69999694824219
tha,1988,89.19999694824219
tha,1989,97.5
tha,1990,100.0
tha,1991,114.4000015258789
tha,1992,118.5999984741211
tha,1993,127.0
tha,1994,137.0
tha,1995,145.10000610351562
tha,1996,151.89999389648438
tha,1997,145.10000610351562
tha,1998,141.1999969482422
tha,1999,144.89999389648438
tha,2000,148.1999969482422
tha,2001,149.60000610351562
tha,2002,152.0
tha,2003,160.0
tha,2004,164.6999969482422
tha,2005,171.10000610351562
tha,2006,177.5
tha,2007,184.3000030517578
tha,2008,183.5
tha,2009,178.60000610351562
tha,2010,190.1999969482422
tha,2011,189.1999969482422
tha,2012,200.10000610351562
tha,2013,206.10000610351562
tha,2014,212.10000610351562
tha,2015,218.10000610351562
tur,1980,66.0999984741211
tur,1981,68.69999694824219
tur,1982,71.69999694824219
tur,1983,73.9000015258789
tur,1984,79.5999984741211
tur,1985,81.0999984741211
tur,1986,85.9000015258789
tur,1987,93.30000305175781
tur,1988,95.9000015258789
tur,1989,93.0999984741211
tur,1990,100.0
tur,1991,96.9000015258789
tur,1992,100.4000015258789
tur,1993,112.69999694824219
tur,1994,100.4000015258789
tur,1995,105.19999694824219
tur,1996,108.5
tur,1997,117.4000015258789
tur,1998,117.5999984741211
tur,1999,109.9000015258789
tur,2000,119.0999984741211
tur,2001,112.0
tur,2002,119.19999694824219
tur,2003,126.5
tur,2004,137.5
tur,2005,144.5
tur,2006,151.10000610351562
tur,2007,158.5
tur,2008,157.0
tur,2009,150.3000030517578
tur,2010,154.89999389648438
tur,2011,158.89999389648438
tur,2012,158.39999389648438
tur,2013,162.39999389648438
tur,2014,164.39999389648438
tur,2015,165.0
gbr,1980,80.0999984741211
gbr,1981,82.5
gbr,1982,86.0
gbr,1983,89.0
gbr,1984,89.30000305175781
gbr,1985,91.4000015258789
gbr,1986,95.69999694824219
gbr,1987,97.9000015258789
gbr,1988,98.9000015258789
gbr,1989,99.0999984741211
gbr,1990,100.0
gbr,1991,102.69999694824219
gbr,1992,107.30000305175781
gbr,1993,111.5
gbr,1994,114.0999984741211
gbr,1995,115.19999694824219
gbr,1996,117.0
gbr,1997,119.5
gbr,1998,121.30000305175781
gbr,1999,124.0
gbr,2000,128.1999969482422
gbr,2001,130.5
gbr,2002,134.0
gbr,2003,139.39999389648438
gbr,2004,142.5
gbr,2005,143.3000030517578
gbr,2006,146.6999969482422
gbr,2007,149.10000610351562
gbr,2008,149.3000030517578
gbr,2009,145.6999969482422
gbr,2010,147.89999389648438
gbr,2011,149.60000610351562
gbr,2012,147.60000610351562
gbr,2013,147.5
gbr,2014,147.60000610351562
gbr,2015,148.10000610351562
usa,1980,86.69999694824219
usa,1981,88.69999694824219
usa,1982,88.4000015258789
usa,1983,90.4000015258789
usa,1984,92.4000015258789
usa,1985,93.80000305175781
usa,1986,95.9000015258789
usa,1987,96.5999984741211
usa,1988,97.80000305175781
usa,1989,98.5
usa,1990,100.0
usa,1991,101.30000305175781
usa,1992,104.9000015258789
usa,1993,105.30000305175781
usa,1994,106.19999694824219
usa,1995,106.4000015258789
usa,1996,109.0999984741211
usa,1997,110.69999694824219
usa,1998,113.19999694824219
usa,1999,116.19999694824219
usa,2000,119.30000305175781
usa,2001,122.0
usa,2002,125.80000305175781
usa,2003,129.89999389648438
usa,2004,133.39999389648438
usa,2005,135.8000030517578
usa,2006,137.0
usa,2007,138.39999389648438
usa,2008,139.39999389648438
usa,2009,143.39999389648438
usa,2010,147.10000610351562
usa,2011,147.1999969482422
usa,2012,148.0
usa,2013,149.39999389648438
usa,2014,150.10000610351562
usa,2015,150.6999969482422
ury,1990,100.0
ury,1991,104.5999984741211
ury,1992,111.5999984741211
ury,1993,114.0
ury,1994,119.5
ury,1995,116.4000015258789
ury,1996,126.5999984741211
ury,1997,133.6999969482422
ury,1998,149.39999389648438
ury,1999,149.0
ury,2000,151.0
ury,2001,146.39999389648438
ury,2002,137.89999389648438
ury,2003,140.60000610351562
ury,2004,151.60000610351562
ury,2005,156.60000610351562
ury,2006,161.39999389648438
ury,2007,163.60000610351562
ury,2008,170.8000030517578
ury,2009,177.0
ury,2010,189.6999969482422
ury,2011,194.0
ury,2012,205.0
ury,2013,214.0
ury,2014,220.1999969482422
ury,2015,225.10000610351562
ven,1980,122.30000305175781
ven,1981,118.30000305175781
ven,1982,113.0999984741211
ven,1983,108.9000015258789
ven,1984,110.4000015258789
ven,1985,108.19999694824219
ven,1986,107.80000305175781
ven,1987,106.19999694824219
ven,1988,106.9000015258789
ven,1989,96.80000305175781
ven,1990,100.0
ven,1991,106.5
ven,1992,108.5999984741211
ven,1993,103.5999984741211
ven,1994,99.69999694824219
ven,1995,102.4000015258789
ven,1996,101.0999984741211
ven,1997,104.19999694824219
ven,1998,101.5999984741211
ven,1999,96.80000305175781
ven,2000,98.0
ven,2001,98.69999694824219
ven,2002,91.80000305175781
ven,2003,83.5999984741211
ven,2004,93.5999984741211
ven,2005,96.69999694824219
ven,2006,100.19999694824219
ven,2007,104.0999984741211
ven,2008,104.69999694824219
ven,2009,102.5
ven,2010,99.0
ven,2011,100.5999984741211
ven,2012,104.5999984741211
ven,2013,103.30000305175781
ven,2014,94.9000015258789
ven,2015,88.5999984741211
vnm,1986,91.5999984741211
vnm,1987,92.9000015258789
vnm,1988,96.69999694824219
vnm,1989,99.5999984741211
vnm,1990,100.0
vnm,1991,103.5999984741211
vnm,1992,109.5
vnm,1993,115.0999984741211
vnm,1994,121.69999694824219
vnm,1995,125.19999694824219
vnm,1996,136.3000030517578
vnm,1997,147.6999969482422
vnm,1998,157.0
vnm,1999,157.3000030517578
vnm,2000,169.3000030517578
vnm,2001,180.8000030517578
vnm,2002,192.3000030517578
vnm,2003,203.0
vnm,2004,214.6999969482422
vnm,2005,228.3000030517578
vnm,2006,235.5
vnm,2007,239.6999969482422
vnm,2008,238.3000030517578
vnm,2009,247.8000030517578
vnm,2010,268.1000061035156
vnm,2011,273.79998779296875
vnm,2012,284.70001220703125
vnm,2013,294.8999938964844
vnm,2014,309.20001220703125
vnm,2015,323.79998779296875
