country,year,gdp_per_person_engaged_constant_1990_us_at_ppp
alb,1980,6484
alb,1981,6425
alb,1982,6294
alb,1983,6276
alb,1984,6306
alb,1985,6377
alb,1986,6335
alb,1987,6313
alb,1988,6370
alb,1989,6420
alb,1990,6561
alb,1991,4834
alb,1992,5754
alb,1993,6601
alb,1994,6437
alb,1995,7445
alb,1996,8284
alb,1997,7440
alb,1998,8279
alb,1999,9573
alb,2000,10177
alb,2001,10986
alb,2002,11456
alb,2003,12034
alb,2004,12648
alb,2005,13364
alb,2006,14045
alb,2007,14812
alb,2008,15543
alb,2009,17080
alb,2010,17730
alb,2011,17768
alb,2012,17417
alb,2013,18474
alb,2014,18582
alb,2015,18868
dza,1980,18221
dza,1981,17975
dza,1982,17994
dza,1983,18099
dza,1984,18461
dza,1985,18794
dza,1986,18025
dza,1987,17341
dza,1988,16431
dza,1989,16438
dza,1990,15747
dza,1991,15055
dza,1992,14939
dza,1993,14410
dza,1994,13970
dza,1995,13755
dza,1996,13798
dza,1997,13494
dza,1998,13760
dza,1999,14005
dza,2000,14157
dza,2001,13793
dza,2002,13925
dza,2003,15410
dza,2004,13776
dza,2005,14143
dza,2006,13046
dza,2007,13921
dza,2008,13395
dza,2009,13141
dza,2010,13246
dza,2011,13810
dza,2012,13465
dza,2013,13049
dza,2014,13324
dza,2015,13450
ago,1980,2618
ago,1981,2528
ago,1982,2371
ago,1983,2259
ago,1984,2237
ago,1985,2216
ago,1986,1986
ago,1987,2177
ago,1988,2453
ago,1989,2457
ago,1990,2506
ago,1991,2463
ago,1992,2249
ago,1993,1644
ago,1994,1611
ago,1995,1797
ago,1996,2097
ago,1997,2157
ago,1998,2101
ago,1999,2109
ago,2000,2118
ago,2001,2133
ago,2002,2386
ago,2003,2389
ago,2004,2572
ago,2005,3025
ago,2006,3510
ago,2007,4232
ago,2008,4702
ago,2009,4661
ago,2010,4660
ago,2011,4688
ago,2012,4774
ago,2013,4854
ago,2014,4896
ago,2015,4943
arg,1980,23921
arg,1981,22496
arg,1982,21447
arg,1983,21539
arg,1984,21476
arg,1985,19911
arg,1986,20755
arg,1987,20857
arg,1988,20067
arg,1989,18657
arg,1990,18171
arg,1991,19314
arg,1992,20458
arg,1993,21898
arg,1994,23256
arg,1995,23714
arg,1996,24368
arg,1997,25036
arg,1998,25020
arg,1999,24180
arg,2000,23800
arg,2001,22906
arg,2002,20556
arg,2003,21062
arg,2004,21154
arg,2005,21930
arg,2006,22860
arg,2007,23788
arg,2008,24027
arg,2009,22854
arg,2010,24132
arg,2011,24856
arg,2012,24315
arg,2013,24530
arg,2014,24267
arg,2015,23719
arm,1980,12281
arm,1981,12533
arm,1982,12791
arm,1983,12770
arm,1984,13082
arm,1985,13369
arm,1986,13255
arm,1987,12542
arm,1988,11846
arm,1989,12856
arm,1990,11711
arm,1991,10090
arm,1992,6224
arm,1993,5802
arm,1994,6346
arm,1995,6835
arm,1996,7442
arm,1997,8045
arm,1998,8858
arm,1999,9422
arm,2000,10137
arm,2001,11221
arm,2002,14758
arm,2003,16816
arm,2004,19025
arm,2005,21332
arm,2006,24271
arm,2007,27375
arm,2008,28861
arm,2009,25413
arm,2010,25626
arm,2011,27046
arm,2012,29033
arm,2013,30285
arm,2014,31009
arm,2015,30885
aus,1980,34967
aus,1981,35583
aus,1982,35548
aus,1983,36192
aus,1984,37554
aus,1985,38274
aus,1986,37532
aus,1987,38418
aus,1988,38774
aus,1989,38845
aus,1990,38855
aus,1991,38993
aus,1992,40421
aus,1993,41768
aus,1994,42572
aus,1995,42499
aus,1996,43407
aus,1997,44838
aus,1998,46314
aus,1999,47331
aus,2000,47657
aus,2001,47783
aus,2002,48565
aus,2003,48976
aus,2004,49909
aus,2005,50059
aus,2006,49867
aus,2007,50523
aus,2008,50589
aus,2009,50645
aus,2010,50918
aus,2011,51328
aus,2012,52342
aus,2013,52879
aus,2014,53694
aus,2015,54801
aut,1980,29799
aut,1981,29961
aut,1982,30878
aut,1983,31833
aut,1984,31982
aut,1985,32633
aut,1986,33369
aut,1987,33800
aut,1988,34745
aut,1989,35753
aut,1990,36638
aut,1991,37436
aut,1992,38049
aut,1993,38457
aut,1994,39389
aut,1995,40582
aut,1996,41394
aut,1997,42000
aut,1998,43059
aut,1999,43938
aut,2000,44992
aut,2001,45274
aut,2002,46067
aut,2003,46115
aut,2004,47069
aut,2005,47511
aut,2006,48262
aut,2007,49108
aut,2008,48934
aut,2009,47279
aut,2010,47724
aut,2011,48378
aut,2012,48229
aut,2013,47984
aut,2014,47724
aut,2015,47819
aze,1980,9087
aze,1981,9401
aze,1982,9727
aze,1983,9847
aze,1984,10183
aze,1985,10316
aze,1986,10384
aze,1987,10623
aze,1988,11134
aze,1989,10105
aze,1990,9018
aze,1991,8886
aze,1992,6896
aze,1993,5313
aze,1994,4367
aze,1995,3871
aze,1996,3841
aze,1997,4056
aze,1998,4451
aze,1999,4778
aze,2000,5099
aze,2001,5552
aze,2002,6076
aze,2003,6684
aze,2004,7281
aze,2005,9104
aze,2006,12096
aze,2007,14940
aze,2008,16336
aze,2009,17613
aze,2010,18246
aze,2011,18168
aze,2012,18273
aze,2013,19010
aze,2014,19263
aze,2015,19537
bhr,1980,12155
bhr,1981,11499
bhr,1982,11664
bhr,1983,11929
bhr,1984,11900
bhr,1985,11329
bhr,1986,11078
bhr,1987,10816
bhr,1988,10728
bhr,1989,10531
bhr,1990,10107
bhr,1991,10078
bhr,1992,10425
bhr,1993,11325
bhr,1994,10688
bhr,1995,10721
bhr,1996,10662
bhr,1997,10675
bhr,1998,11048
bhr,1999,11473
bhr,2000,11852
bhr,2001,11680
bhr,2002,11444
bhr,2003,11199
bhr,2004,11053
bhr,2005,10563
bhr,2006,10020
bhr,2007,9677
bhr,2008,9403
bhr,2009,9068
bhr,2010,9047
bhr,2011,8942
bhr,2012,9067
bhr,2013,9407
bhr,2014,9698
bhr,2015,9792
bgd,1980,2134
bgd,1981,2212
bgd,1982,2175
bgd,1983,2178
bgd,1984,2166
bgd,1985,2149
bgd,1986,2137
bgd,1987,2152
bgd,1988,2174
bgd,1989,2180
bgd,1990,2242
bgd,1991,2298
bgd,1992,2320
bgd,1993,2357
bgd,1994,2420
bgd,1995,2471
bgd,1996,2539
bgd,1997,2590
bgd,1998,2642
bgd,1999,2715
bgd,2000,2766
bgd,2001,2764
bgd,2002,2786
bgd,2003,2809
bgd,2004,2908
bgd,2005,3029
bgd,2006,3146
bgd,2007,3214
bgd,2008,3284
bgd,2009,3371
bgd,2010,3468
bgd,2011,3568
bgd,2012,3660
bgd,2013,3783
bgd,2014,3913
bgd,2015,4056
brb,1980,19609
brb,1981,19083
brb,1982,18689
brb,1983,19077
brb,1984,20316
brb,1985,20762
brb,1986,20891
brb,1987,21062
brb,1988,21277
brb,1989,20586
brb,1990,20323
brb,1991,20260
brb,1992,19884
brb,1993,20275
brb,1994,19027
brb,1995,18635
brb,1996,18387
brb,1997,18948
brb,1998,19011
brb,1999,18539
brb,2000,18408
brb,2001,17678
brb,2002,18115
brb,2003,18344
brb,2004,18255
brb,2005,18771
brb,2006,20237
brb,2007,20250
brb,2008,20442
brb,2009,20176
brb,2010,20450
brb,2011,20381
brb,2012,20936
brb,2013,20847
brb,2014,20740
brb,2015,20885
blr,1980,11894
blr,1981,12326
blr,1982,12439
blr,1983,13015
blr,1984,13385
blr,1985,13473
blr,1986,13777
blr,1987,13910
blr,1988,13782
blr,1989,14611
blr,1990,14248
blr,1991,14411
blr,1992,13370
blr,1993,12520
blr,1994,11356
blr,1995,10841
blr,1996,11257
blr,1997,12528
blr,1998,13441
blr,1999,13827
blr,2000,14620
blr,2001,15390
blr,2002,16283
blr,2003,17580
blr,2004,19671
blr,2005,21088
blr,2006,22911
blr,2007,24606
blr,2008,26584
blr,2009,26432
blr,2010,28345
blr,2011,29989
blr,2012,31029
blr,2013,31510
blr,2014,32477
blr,2015,32080
bel,1980,37742
bel,1981,37970
bel,1982,39011
bel,1983,39526
bel,1984,40516
bel,1985,40731
bel,1986,41078
bel,1987,41739
bel,1988,42881
bel,1989,43742
bel,1990,44588
bel,1991,45253
bel,1992,46005
bel,1993,45860
bel,1994,47539
bel,1995,47906
bel,1996,48521
bel,1997,49997
bel,1998,50122
bel,1999,51280
bel,2000,52052
bel,2001,51823
bel,2002,52731
bel,2003,53232
bel,2004,54535
bel,2005,54784
bel,2006,55610
bel,2007,56346
bel,2008,55874
bel,2009,54522
bel,2010,55508
bel,2011,55635
bel,2012,55527
bel,2013,55831
bel,2014,56219
bel,2015,56609
bol,1980,7597
bol,1981,7484
bol,1982,7154
bol,1983,6685
bol,1984,6470
bol,1985,6181
bol,1986,5874
bol,1987,5854
bol,1988,6183
bol,1989,6049
bol,1990,5978
bol,1991,6007
bol,1992,5899
bol,1993,5992
bol,1994,5915
bol,1995,6024
bol,1996,6095
bol,1997,6228
bol,1998,6443
bol,1999,6334
bol,2000,6285
bol,2001,6277
bol,2002,6264
bol,2003,6285
bol,2004,6158
bol,2005,6363
bol,2006,6471
bol,2007,6553
bol,2008,6685
bol,2009,6800
bol,2010,6762
bol,2011,6900
bol,2012,7084
bol,2013,7378
bol,2014,7483
bol,2015,7630
bih,1990,19254
bih,1991,17115
bih,1992,13113
bih,1993,10036
bih,1994,11010
bih,1995,11350
bih,1996,16996
bih,1997,23798
bih,1998,26982
bih,1999,28832
bih,2000,29697
bih,2001,31257
bih,2002,31980
bih,2003,33711
bih,2004,37054
bih,2005,37072
bih,2006,42857
bih,2007,46712
bih,2008,47476
bih,2009,46725
bih,2010,46441
bih,2011,47226
bih,2012,46927
bih,2013,47874
bih,2014,46736
bih,2015,47763
bra,1980,12767
bra,1981,11716
bra,1982,11178
bra,1983,10677
bra,1984,10859
bra,1985,10912
bra,1986,11468
bra,1987,11445
bra,1988,11037
bra,1989,11167
bra,1990,10441
bra,1991,10524
bra,1992,10459
bra,1993,10881
bra,1994,11402
bra,1995,11762
bra,1996,12275
bra,1997,12491
bra,1998,12562
bra,1999,11953
bra,2000,12100
bra,2001,12171
bra,2002,12028
bra,2003,11962
bra,2004,12041
bra,2005,12059
bra,2006,12221
bra,2007,12765
bra,2008,13213
bra,2009,13113
bra,2010,13554
bra,2011,13650
bra,2012,13500
bra,2013,13741
bra,2014,13778
bra,2015,13505
bgr,1980,11433
bgr,1981,11587
bgr,1982,11867
bgr,1983,11607
bgr,1984,12009
bgr,1985,11647
bgr,1986,11918
bgr,1987,11905
bgr,1988,11881
bgr,1989,11942
bgr,1990,11334
bgr,1991,11934
bgr,1992,12044
bgr,1993,12055
bgr,1994,12197
bgr,1995,12395
bgr,1996,10975
bgr,1997,11200
bgr,1998,11708
bgr,1999,11545
bgr,2000,12541
bgr,2001,13116
bgr,2002,13673
bgr,2003,13992
bgr,2004,14533
bgr,2005,14993
bgr,2006,15447
bgr,2007,16006
bgr,2008,16537
bgr,2009,15982
bgr,2010,16736
bgr,2011,17452
bgr,2012,17988
bgr,2013,18258
bgr,2014,18501
bgr,2015,18680
bfa,1980,1849
bfa,1981,1887
bfa,1982,1885
bfa,1983,1822
bfa,1984,1810
bfa,1985,2002
bfa,1986,2260
bfa,1987,2163
bfa,1988,2277
bfa,1989,2183
bfa,1990,2099
bfa,1991,2217
bfa,1992,2142
bfa,1993,2159
bfa,1994,2097
bfa,1995,2137
bfa,1996,2297
bfa,1997,2361
bfa,1998,2456
bfa,1999,2522
bfa,2000,2503
bfa,2001,2548
bfa,2002,2556
bfa,2003,2647
bfa,2004,2741
bfa,2005,2952
bfa,2006,3068
bfa,2007,3220
bfa,2008,3296
bfa,2009,3281
bfa,2010,3440
bfa,2011,3549
bfa,2012,3705
bfa,2013,3818
bfa,2014,3838
bfa,2015,3930
khm,1980,1731
khm,1981,1721
khm,1982,1820
khm,1983,1915
khm,1984,2006
khm,1985,2095
khm,1986,2170
khm,1987,2081
khm,1988,2088
khm,1989,2093
khm,1990,2049
khm,1991,2171
khm,1992,2242
khm,1993,2260
khm,1994,2423
khm,1995,2524
khm,1996,2589
khm,1997,2631
khm,1998,2652
khm,1999,2892
khm,2000,3055
khm,2001,3145
khm,2002,3262
khm,2003,3433
khm,2004,3639
khm,2005,3947
khm,2006,4191
khm,2007,4580
khm,2008,4803
khm,2009,4760
khm,2010,4985
khm,2011,5219
khm,2012,5570
khm,2013,5368
khm,2014,5650
khm,2015,5962
cmr,1980,3141
cmr,1981,3601
cmr,1982,3793
cmr,1983,3975
cmr,1984,4198
cmr,1985,4479
cmr,1986,4668
cmr,1987,4312
cmr,1988,4001
cmr,1989,3541
cmr,1990,3385
cmr,1991,3167
cmr,1992,2985
cmr,1993,2810
cmr,1994,2728
cmr,1995,2759
cmr,1996,2817
cmr,1997,2884
cmr,1998,2941
cmr,1999,2975
cmr,2000,3012
cmr,2001,3060
cmr,2002,3037
cmr,2003,3015
cmr,2004,2984
cmr,2005,2912
cmr,2006,2869
cmr,2007,2826
cmr,2008,2775
cmr,2009,2699
cmr,2010,2660
cmr,2011,2684
cmr,2012,2722
cmr,2013,2792
cmr,2014,2843
cmr,2015,2895
can,1980,35408
can,1981,35486
can,1982,35564
can,1983,36320
can,1984,37442
can,1985,38226
can,1986,38047
can,1987,38523
can,1988,39173
can,1989,39174
can,1990,38996
can,1991,38822
can,1992,39557
can,1993,40402
can,1994,41427
can,1995,41890
can,1996,42178
can,1997,43067
can,1998,43854
can,1999,44895
can,2000,46156
can,2001,46375
can,2002,46515
can,2003,46320
can,2004,46967
can,2005,47762
can,2006,48120
can,2007,47857
can,2008,47499
can,2009,46946
can,2010,47846
can,2011,48483
can,2012,48843
can,2013,49075
can,2014,50003
can,2015,50488
chl,1980,20238
chl,1981,21090
chl,1982,19573
chl,1983,17856
chl,1984,18102
chl,1985,17399
chl,1986,17452
chl,1987,17921
chl,1988,18143
chl,1989,19049
chl,1990,19349
chl,1991,20535
chl,1992,21986
chl,1993,22220
chl,1994,23299
chl,1995,25472
chl,1996,26964
chl,1997,28260
chl,1998,28797
chl,1999,28978
chl,2000,29938
chl,2001,30567
chl,2002,30823
chl,2003,30780
chl,2004,32121
chl,2005,32833
chl,2006,34111
chl,2007,34906
chl,2008,35041
chl,2009,34907
chl,2010,35783
chl,2011,36272
chl,2012,37465
chl,2013,38207
chl,2014,38308
chl,2015,38937
chn,1980,1655
chn,1981,1701
chn,1982,1772
chn,1983,1867
chn,1984,2038
chn,1985,2180
chn,1986,2260
chn,1987,2431
chn,1988,2538
chn,1989,2525
chn,1990,2562
chn,1991,2691
chn,1992,2921
chn,1993,3172
chn,1994,3455
chn,1995,3941
chn,1996,3978
chn,1997,4135
chn,1998,4097
chn,1999,4318
chn,2000,4660
chn,2001,5100
chn,2002,5668
chn,2003,6465
chn,2004,7048
chn,2005,7772
chn,2006,8690
chn,2007,9849
chn,2008,10719
chn,2009,11665
chn,2010,12831
chn,2011,13966
chn,2012,14986
chn,2013,16083
chn,2014,17211
chn,2015,18360
col,1980,13138
col,1981,12829
col,1982,12733
col,1983,12917
col,1984,13243
col,1985,13314
col,1986,13624
col,1987,13641
col,1988,13679
col,1989,13470
col,1990,13650
col,1991,13047
col,1992,13387
col,1993,13344
col,1994,13511
col,1995,13569
col,1996,13736
col,1997,13909
col,1998,13972
col,1999,13585
col,2000,13121
col,2001,13172
col,2002,13170
col,2003,13205
col,2004,13374
col,2005,13417
col,2006,13816
col,2007,14175
col,2008,14380
col,2009,14550
col,2010,14685
col,2011,15023
col,2012,15120
col,2013,15563
col,2014,15927
col,2015,16216
cod,1980,1813
cod,1981,1810
cod,1982,1756
cod,1983,1736
cod,1984,1787
cod,1985,1751
cod,1986,1788
cod,1987,1790
cod,1988,1755
cod,1989,1700
cod,1990,1617
cod,1991,1432
cod,1992,1240
cod,1993,1037
cod,1994,963
cod,1995,933
cod,1996,905
cod,1997,844
cod,1998,813
cod,1999,754
cod,2000,681
cod,2001,646
cod,2002,646
cod,2003,663
cod,2004,688
cod,2005,708
cod,2006,723
cod,2007,745
cod,2008,768
cod,2009,766
cod,2010,797
cod,2011,827
cod,2012,860
cod,2013,904
cod,2014,957
cod,2015,1004
cri,1980,15710
cri,1981,15339
cri,1982,13906
cri,1983,13594
cri,1984,13874
cri,1985,13488
cri,1986,13735
cri,1987,13769
cri,1988,13799
cri,1989,13703
cri,1990,13907
cri,1991,13763
cri,1992,14188
cri,1993,14608
cri,1994,14757
cri,1995,14907
cri,1996,14676
cri,1997,14865
cri,1998,15492
cri,1999,16343
cri,2000,15882
cri,2001,15615
cri,2002,15714
cri,2003,16162
cri,2004,16304
cri,2005,16695
cri,2006,17481
cri,2007,18106
cri,2008,18077
cri,2009,18094
cri,2010,18140
cri,2011,18545
cri,2012,18002
cri,2013,18345
cri,2014,18361
cri,2015,18734
civ,1980,5629
civ,1981,5653
civ,1982,5497
civ,1983,5126
civ,1984,4810
civ,1985,4897
civ,1986,4893
civ,1987,4673
civ,1988,4452
civ,1989,4263
civ,1990,3791
civ,1991,3621
civ,1992,3515
civ,1993,3373
civ,1994,3320
civ,1995,3424
civ,1996,3522
civ,1997,3586
civ,1998,3633
civ,1999,3601
civ,2000,3408
civ,2001,3324
civ,2002,3197
civ,2003,3085
civ,2004,3048
civ,2005,3029
civ,2006,2980
civ,2007,2957
civ,2008,2952
civ,2009,2990
civ,2010,2988
civ,2011,2782
civ,2012,2985
civ,2013,3177
civ,2014,3338
civ,2015,3560
hrv,1980,19949
hrv,1981,19414
hrv,1982,19114
hrv,1983,18603
hrv,1984,18719
hrv,1985,18328
hrv,1986,18326
hrv,1987,17944
hrv,1988,17822
hrv,1989,17611
hrv,1990,16884
hrv,1991,14586
hrv,1992,14632
hrv,1993,13708
hrv,1994,14847
hrv,1995,16049
hrv,1996,16992
hrv,1997,20937
hrv,1998,19360
hrv,1999,19448
hrv,2000,20293
hrv,2001,20885
hrv,2002,21803
hrv,2003,22155
hrv,2004,22723
hrv,2005,23502
hrv,2006,23711
hrv,2007,22738
hrv,2008,22354
hrv,2009,20860
hrv,2010,21308
hrv,2011,22099
hrv,2012,22425
hrv,2013,22816
hrv,2014,22133
hrv,2015,22185
cyp,1980,18131
cyp,1981,18137
cyp,1982,18963
cyp,1983,19498
cyp,1984,20465
cyp,1985,20681
cyp,1986,21249
cyp,1987,22069
cyp,1988,22854
cyp,1989,23777
cyp,1990,24912
cyp,1991,25010
cyp,1992,26204
cyp,1993,26447
cyp,1994,27409
cyp,1995,28988
cyp,1996,29304
cyp,1997,29825
cyp,1998,30860
cyp,1999,31719
cyp,2000,32974
cyp,2001,33430
cyp,2002,33799
cyp,2003,33536
cyp,2004,33667
cyp,2005,33779
cyp,2006,34672
cyp,2007,35163
cyp,2008,35714
cyp,2009,35136
cyp,2010,35690
cyp,2011,35623
cyp,2012,36280
cyp,2013,36234
cyp,2014,36093
cyp,2015,36382
cze,1980,14327
cze,1981,14282
cze,1982,14032
cze,1983,14218
cze,1984,14435
cze,1985,14680
cze,1986,15034
cze,1987,15331
cze,1988,15626
cze,1989,15911
cze,1990,16881
cze,1991,15474
cze,1992,16009
cze,1993,16099
cze,1994,16384
cze,1995,17288
cze,1996,17935
cze,1997,17940
cze,1998,18199
cze,1999,18867
cze,2000,19841
cze,2001,20501
cze,2002,20709
cze,2003,21626
cze,2004,22739
cze,2005,23743
cze,2006,25038
cze,2007,25883
cze,2008,26017
cze,2009,25213
cze,2010,26061
cze,2011,26646
cze,2012,26320
cze,2013,26036
cze,2014,26445
cze,2015,27023
dnk,1980,31044
dnk,1981,31248
dnk,1982,32076
dnk,1983,32857
dnk,1984,33775
dnk,1985,34402
dnk,1986,34801
dnk,1987,34722
dnk,1988,35390
dnk,1989,35629
dnk,1990,36238
dnk,1991,36933
dnk,1992,38083
dnk,1993,38613
dnk,1994,40089
dnk,1995,41003
dnk,1996,41805
dnk,1997,42600
dnk,1998,42962
dnk,1999,43919
dnk,2000,45247
dnk,2001,45189
dnk,2002,45367
dnk,2003,45978
dnk,2004,47469
dnk,2005,47955
dnk,2006,48714
dnk,2007,48040
dnk,2008,47155
dnk,2009,46135
dnk,2010,47989
dnk,2011,48578
dnk,2012,48400
dnk,2013,48147
dnk,2014,48291
dnk,2015,48770
dom,1980,8981
dom,1981,9033
dom,1982,8883
dom,1983,8960
dom,1984,8678
dom,1985,8170
dom,1986,8128
dom,1987,8441
dom,1988,8209
dom,1989,8939
dom,1990,8224
dom,1991,8090
dom,1992,8862
dom,1993,9220
dom,1994,8810
dom,1995,9052
dom,1996,9591
dom,1997,9858
dom,1998,9684
dom,1999,10020
dom,2000,10373
dom,2001,10699
dom,2002,10940
dom,2003,10956
dom,2004,10696
dom,2005,11449
dom,2006,12086
dom,2007,12692
dom,2008,12701
dom,2009,13050
dom,2010,13528
dom,2011,13359
dom,2012,13445
dom,2013,13963
dom,2014,14335
dom,2015,14829
ecu,1980,15004
ecu,1981,14991
ecu,1982,14552
ecu,1983,13679
ecu,1984,13669
ecu,1985,13679
ecu,1986,13534
ecu,1987,12193
ecu,1988,12971
ecu,1989,12487
ecu,1990,12352
ecu,1991,12454
ecu,1992,12295
ecu,1993,12121
ecu,1994,12072
ecu,1995,11921
ecu,1996,12176
ecu,1997,12231
ecu,1998,12616
ecu,1999,12210
ecu,2000,11890
ecu,2001,11568
ecu,2002,11517
ecu,2003,11696
ecu,2004,11583
ecu,2005,12091
ecu,2006,12186
ecu,2007,12450
ecu,2008,13142
ecu,2009,13093
ecu,2010,13581
ecu,2011,14204
ecu,2012,14666
ecu,2013,14796
ecu,2014,15050
ecu,2015,15036
egy,1980,7899
egy,1981,9061
egy,1982,9591
egy,1983,9792
egy,1984,10439
egy,1985,11241
egy,1986,11364
egy,1987,11103
egy,1988,11452
egy,1989,11316
egy,1990,11329
egy,1991,11416
egy,1992,12020
egy,1993,12382
egy,1994,12470
egy,1995,12636
egy,1996,12612
egy,1997,12377
egy,1998,12564
egy,1999,12831
egy,2000,13406
egy,2001,13622
egy,2002,14080
egy,2003,14874
egy,2004,14598
egy,2005,14764
egy,2006,15147
egy,2007,14054
egy,2008,14517
egy,2009,14620
egy,2010,14763
egy,2011,14808
egy,2012,14658
egy,2013,14723
egy,2014,14806
egy,2015,14929
est,1980,16612
est,1981,17111
est,1982,17603
est,1983,18141
est,1984,18497
est,1985,18419
est,1986,18718
est,1987,18946
est,1988,19891
est,1989,21328
est,1990,19962
est,1991,18492
est,1992,16890
est,1993,16790
est,1994,17085
est,1995,19401
est,1996,21040
est,1997,23498
est,1998,25579
est,1999,26699
est,2000,29794
est,2001,31452
est,2002,33383
est,2003,35128
est,2004,37553
est,2005,40197
est,2006,42316
est,2007,45574
est,2008,43233
est,2009,41049
est,2010,44253
est,2011,44965
est,2012,46303
est,2013,46478
est,2014,47086
est,2015,47388
eth,1980,1512
eth,1981,1491
eth,1982,1457
eth,1983,1470
eth,1984,1382
eth,1985,1259
eth,1986,1303
eth,1987,1383
eth,1988,1370
eth,1989,1356
eth,1990,1305
eth,1991,1195
eth,1992,1070
eth,1993,1096
eth,1994,1159
eth,1995,1174
eth,1996,1241
eth,1997,1304
eth,1998,1273
eth,1999,1241
eth,2000,1248
eth,2001,1305
eth,2002,1333
eth,2003,1292
eth,2004,1319
eth,2005,1421
eth,2006,1518
eth,2007,1609
eth,2008,1685
eth,2009,1762
eth,2010,1853
eth,2011,1974
eth,2012,2083
eth,2013,2186
eth,2014,2305
eth,2015,2409
fin,1980,26285
fin,1981,26442
fin,1982,26997
fin,1983,27624
fin,1984,28284
fin,1985,29189
fin,1986,29978
fin,1987,31032
fin,1988,32228
fin,1989,33735
fin,1990,33906
fin,1991,33804
fin,1992,35155
fin,1993,37113
fin,1994,39118
fin,1995,40051
fin,1996,40930
fin,1997,42046
fin,1998,43518
fin,1999,44347
fin,2000,45847
fin,2001,46359
fin,2002,46632
fin,2003,47495
fin,2004,49081
fin,2005,49671
fin,2006,50759
fin,2007,52277
fin,2008,51507
fin,2009,48413
fin,2010,50207
fin,2011,50849
fin,2012,49687
fin,2013,49776
fin,2014,49881
fin,2015,50478
fra,1980,35874
fra,1981,36284
fra,1982,37103
fra,1983,37581
fra,1984,38336
fra,1985,38964
fra,1986,39698
fra,1987,40343
fra,1988,41703
fra,1989,42649
fra,1990,43369
fra,1991,43718
fra,1992,44700
fra,1993,44894
fra,1994,45712
fra,1995,46196
fra,1996,46570
fra,1997,47281
fra,1998,48111
fra,1999,48566
fra,2000,49194
fra,2001,49451
fra,2002,49767
fra,2003,50173
fra,2004,51504
fra,2005,51971
fra,2006,52628
fra,2007,53124
fra,2008,52981
fra,2009,52014
fra,2010,53005
fra,2011,53735
fra,2012,53857
fra,2013,54107
fra,2014,54168
fra,2015,54384
geo,1980,12813
geo,1981,13363
geo,1982,13937
geo,1983,14584
geo,1984,15542
geo,1985,16309
geo,1986,16137
geo,1987,15901
geo,1988,17254
geo,1989,17099
geo,1990,14399
geo,1991,12458
geo,1992,8710
geo,1993,6813
geo,1994,6260
geo,1995,6497
geo,1996,7046
geo,1997,7770
geo,1998,8552
geo,1999,8788
geo,2000,8443
geo,2001,8655
geo,2002,9322
geo,2003,10490
geo,2004,11304
geo,2005,12659
geo,2006,13831
geo,2007,15963
geo,2008,17423
geo,2009,16225
geo,2010,17528
geo,2011,18380
geo,2012,18876
geo,2013,19639
geo,2014,20576
geo,2015,21458
deu,1991,34262
deu,1992,35383
deu,1993,35506
deu,1994,36366
deu,1995,36828
deu,1996,37105
deu,1997,37804
deu,1998,38087
deu,1999,38222
deu,2000,38490
deu,2001,39248
deu,2002,39430
deu,2003,39575
deu,2004,39903
deu,2005,40196
deu,2006,41362
deu,2007,41984
deu,2008,41874
deu,2009,39479
deu,2010,40965
deu,2011,41875
deu,2012,41569
deu,2013,41369
deu,2014,41667
deu,2015,42123
gha,1980,2719
gha,1981,2661
gha,1982,2471
gha,1983,2275
gha,1984,2272
gha,1985,2266
gha,1986,2316
gha,1987,2330
gha,1988,2392
gha,1989,2452
gha,1990,2503
gha,1991,2703
gha,1992,2769
gha,1993,2868
gha,1994,2920
gha,1995,2990
gha,1996,3069
gha,1997,3107
gha,1998,3190
gha,1999,3264
gha,2000,3371
gha,2001,3448
gha,2002,3529
gha,2003,3627
gha,2004,3724
gha,2005,3807
gha,2006,3846
gha,2007,3967
gha,2008,4086
gha,2009,4185
gha,2010,4274
gha,2011,4481
gha,2012,4742
gha,2013,4964
gha,2014,4976
gha,2015,5224
grc,1980,23553
grc,1981,22401
grc,1982,22735
grc,1983,22714
grc,1984,23393
grc,1985,23531
grc,1986,23831
grc,1987,23743
grc,1988,24393
grc,1989,25238
grc,1990,24918
grc,1991,26151
grc,1992,26290
grc,1993,25578
grc,1994,25697
grc,1995,25969
grc,1996,26890
grc,1997,28201
grc,1998,28110
grc,1999,28964
grc,2000,30015
grc,2001,31025
grc,2002,31241
grc,2003,32860
grc,2004,33675
grc,2005,33663
grc,2006,34984
grc,2007,35740
grc,2008,35133
grc,2009,33779
grc,2010,32821
grc,2011,32131
grc,2012,32570
grc,2013,32548
grc,2014,32561
grc,2015,33241
gtm,1980,14850
gtm,1981,14526
gtm,1982,13620
gtm,1983,12897
gtm,1984,12474
gtm,1985,12461
gtm,1986,12386
gtm,1987,12092
gtm,1988,11854
gtm,1989,11624
gtm,1990,11689
gtm,1991,11774
gtm,1992,11918
gtm,1993,12023
gtm,1994,11915
gtm,1995,12214
gtm,1996,12385
gtm,1997,12545
gtm,1998,12623
gtm,1999,12736
gtm,2000,12820
gtm,2001,12696
gtm,2002,12671
gtm,2003,12612
gtm,2004,13169
gtm,2005,12877
gtm,2006,12850
gtm,2007,13686
gtm,2008,14161
gtm,2009,14261
gtm,2010,15102
gtm,2011,15337
gtm,2012,13929
gtm,2013,15050
gtm,2014,15012
gtm,2015,15204
hkg,1980,24011
hkg,1981,24157
hkg,1982,24812
hkg,1983,26032
hkg,1984,27741
hkg,1985,27419
hkg,1986,29495
hkg,1987,32546
hkg,1988,34553
hkg,1989,35418
hkg,1990,36792
hkg,1991,38362
hkg,1992,40891
hkg,1993,42642
hkg,1994,43970
hkg,1995,44483
hkg,1996,44180
hkg,1997,44841
hkg,1998,42547
hkg,1999,43876
hkg,2000,46012
hkg,2001,45415
hkg,2002,46653
hkg,2003,48441
hkg,2004,51489
hkg,2005,54204
hkg,2006,56858
hkg,2007,59303
hkg,2008,59920
hkg,2009,59095
hkg,2010,63092
hkg,2011,64306
hkg,2012,63965
hkg,2013,64583
hkg,2014,65407
hkg,2015,66467
hun,1980,12975
hun,1981,12540
hun,1982,13073
hun,1983,13038
hun,1984,13473
hun,1985,13209
hun,1986,13500
hun,1987,13758
hun,1988,14032
hun,1989,13766
hun,1990,13033
hun,1991,12135
hun,1992,12836
hun,1993,13627
hun,1994,14320
hun,1995,14807
hun,1996,14801
hun,1997,15276
hun,1998,15675
hun,1999,15742
hun,2000,16250
hun,2001,16884
hun,2002,17656
hun,2003,18323
hun,2004,19386
hun,2005,20271
hun,2006,20984
hun,2007,21063
hun,2008,21673
hun,2009,20771
hun,2010,20995
hun,2011,21367
hun,2012,21023
hun,2013,21145
hun,2014,21237
hun,2015,21383
isl,1980,30139
isl,1981,29995
isl,1982,29727
isl,1983,28954
isl,1984,29725
isl,1985,29631
isl,1986,30515
isl,1987,31323
isl,1988,32247
isl,1989,32772
isl,1990,33459
isl,1991,33403
isl,1992,32276
isl,1993,32772
isl,1994,33684
isl,1995,32748
isl,1996,34266
isl,1997,36999
isl,1998,37810
isl,1999,37997
isl,2000,39009
isl,2001,39815
isl,2002,40583
isl,2003,41630
isl,2004,45286
isl,2005,46457
isl,2006,46054
isl,2007,48364
isl,2008,48537
isl,2009,49079
isl,2010,47744
isl,2011,48891
isl,2012,48975
isl,2013,49095
isl,2014,49233
isl,2015,49718
ind,1980,3152
ind,1981,3162
ind,1982,3183
ind,1983,3315
ind,1984,3321
ind,1985,3330
ind,1986,3349
ind,1987,3372
ind,1988,3587
ind,1989,3688
ind,1990,3739
ind,1991,3628
ind,1992,3743
ind,1993,3871
ind,1994,4028
ind,1995,4224
ind,1996,4455
ind,1997,4540
ind,1998,4715
ind,1999,4891
ind,2000,5036
ind,2001,4985
ind,2002,4983
ind,2003,5099
ind,2004,5216
ind,2005,5595
ind,2006,6048
ind,2007,6578
ind,2008,7360
ind,2009,7899
ind,2010,8551
ind,2011,9041
ind,2012,9285
ind,2013,9544
ind,2014,9907
ind,2015,10320
idn,1980,5541
idn,1981,5655
idn,1982,5067
idn,1983,5230
idn,1984,5437
idn,1985,5320
idn,1986,5362
idn,1987,5432
idn,1988,5572
idn,1989,5988
idn,1990,6259
idn,1991,6738
idn,1992,7022
idn,1993,7445
idn,1994,7685
idn,1995,8270
idn,1996,8520
idn,1997,8756
idn,1998,7437
idn,1999,7366
idn,2000,7636
idn,2001,7826
idn,2002,8100
idn,2003,8376
idn,2004,8707
idn,2005,9178
idn,2006,9523
idn,2007,9645
idn,2008,9948
idn,2009,10168
idn,2010,10446
idn,2011,10967
idn,2012,11522
idn,2013,11965
idn,2014,12667
idn,2015,13089
irn,1980,17568
irn,1981,16382
irn,1982,18230
irn,1983,19842
irn,1984,19399
irn,1985,19101
irn,1986,16640
irn,1987,15963
irn,1988,14713
irn,1989,14878
irn,1990,15812
irn,1991,17074
irn,1992,18280
irn,1993,17391
irn,1994,16847
irn,1995,16783
irn,1996,17757
irn,1997,17770
irn,1998,17626
irn,1999,17210
irn,2000,17292
irn,2001,16962
irn,2002,17381
irn,2003,17782
irn,2004,17620
irn,2005,17871
irn,2006,18878
irn,2007,20072
irn,2008,20755
irn,2009,21361
irn,2010,22430
irn,2011,21948
irn,2012,20217
irn,2013,19542
irn,2014,19738
irn,2015,19861
irq,1980,35218
irq,1981,27992
irq,1982,26953
irq,1983,23896
irq,1984,23261
irq,1985,22232
irq,1986,21364
irq,1987,21335
irq,1988,16339
irq,1989,14463
irq,1990,13865
irq,1991,5313
irq,1992,6645
irq,1993,6395
irq,1994,5844
irq,1995,5114
irq,1996,5541
irq,1997,5075
irq,1998,5699
irq,1999,5894
irq,2000,6338
irq,2001,6697
irq,2002,6959
irq,2003,6134
irq,2004,9023
irq,2005,7911
irq,2006,8395
irq,2007,8185
irq,2008,8316
irq,2009,8526
irq,2010,8706
irq,2011,9286
irq,2012,9907
irq,2013,10093
irq,2014,9538
irq,2015,9368
irl,1980,24781
irl,1981,25681
irl,1982,26372
irl,1983,26542
irl,1984,28216
irl,1985,29215
irl,1986,29268
irl,1987,30451
irl,1988,32029
irl,1989,33931
irl,1990,35261
irl,1991,36058
irl,1992,37133
irl,1993,37567
irl,1994,38532
irl,1995,40462
irl,1996,42612
irl,1997,44708
irl,1998,44743
irl,1999,46311
irl,2000,48544
irl,2001,49561
irl,2002,51643
irl,2003,52201
irl,2004,52799
irl,2005,53183
irl,2006,53614
irl,2007,53902
irl,2008,52828
irl,2009,53671
irl,2010,55785
irl,2011,58364
irl,2012,58527
irl,2013,57277
irl,2014,58998
irl,2015,59926
isr,1980,27956
isr,1981,28811
isr,1982,28915
isr,1983,29017
isr,1984,28854
isr,1985,30061
isr,1986,31073
isr,1987,32462
isr,1988,31989
isr,1989,32100
isr,1990,33510
isr,1991,34008
isr,1992,35163
isr,1993,34495
isr,1994,34677
isr,1995,35206
isr,1996,35783
isr,1997,36246
isr,1998,36859
isr,1999,36998
isr,2000,38744
isr,2001,38395
isr,2002,38075
isr,2003,38044
isr,2004,39371
isr,2005,39743
isr,2006,40927
isr,2007,41707
isr,2008,41670
isr,2009,41616
isr,2010,42706
isr,2011,43206
isr,2012,42778
isr,2013,43012
isr,2014,42876
isr,2015,43659
ita,1980,34620
ita,1981,34812
ita,1982,34900
ita,1983,35212
ita,1984,36118
ita,1985,36785
ita,1986,37571
ita,1987,38646
ita,1988,39715
ita,1989,40582
ita,1990,40810
ita,1991,40677
ita,1992,41316
ita,1993,42095
ita,1994,43719
ita,1995,45072
ita,1996,45376
ita,1997,46064
ita,1998,46342
ita,1999,46556
ita,2000,47360
ita,2001,47271
ita,2002,46607
ita,2003,46003
ita,2004,46450
ita,2005,46629
ita,2006,46646
ita,2007,46752
ita,2008,46162
ita,2009,44373
ita,2010,45424
ita,2011,45548
ita,2012,44426
ita,2013,44461
ita,2014,44242
ita,2015,44375
jam,1980,9960
jam,1981,9780
jam,1982,9895
jam,1983,9974
jam,1984,9426
jam,1985,8960
jam,1986,8675
jam,1987,9070
jam,1988,9049
jam,1989,9565
jam,1990,9919
jam,1991,9928
jam,1992,10062
jam,1993,10253
jam,1994,10156
jam,1995,9974
jam,1996,10026
jam,1997,9964
jam,1998,9862
jam,1999,10146
jam,2000,10229
jam,2001,10293
jam,2002,9546
jam,2003,9608
jam,2004,9716
jam,2005,9507
jam,2006,9452
jam,2007,10683
jam,2008,10628
jam,2009,10538
jam,2010,10672
jam,2011,10812
jam,2012,10709
jam,2013,10715
jam,2014,10577
jam,2015,10601
jpn,1980,26602
jpn,1981,27238
jpn,1982,27843
jpn,1983,28065
jpn,1984,29066
jpn,1985,30182
jpn,1986,30898
jpn,1987,32056
jpn,1988,33651
jpn,1989,34765
jpn,1990,35932
jpn,1991,36426
jpn,1992,36334
jpn,1993,36270
jpn,1994,36501
jpn,1995,37083
jpn,1996,38013
jpn,1997,38343
jpn,1998,38010
jpn,1999,38450
jpn,2000,39606
jpn,2001,39893
jpn,2002,40481
jpn,2003,41142
jpn,2004,41874
jpn,2005,42113
jpn,2006,42618
jpn,2007,43367
jpn,2008,43121
jpn,2009,41371
jpn,2010,43482
jpn,2011,43370
jpn,2012,44124
jpn,2013,44577
jpn,2014,44303
jpn,2015,44436
jor,1980,28732
jor,1981,28491
jor,1982,28973
jor,1983,27982
jor,1984,28777
jor,1985,28202
jor,1986,29126
jor,1987,28330
jor,1988,26550
jor,1989,22479
jor,1990,21258
jor,1991,18538
jor,1992,19799
jor,1993,19790
jor,1994,19274
jor,1995,18769
jor,1996,18247
jor,1997,18136
jor,1998,18419
jor,1999,18524
jor,2000,19088
jor,2001,20161
jor,2002,21126
jor,2003,21577
jor,2004,22236
jor,2005,23717
jor,2006,23589
jor,2007,22592
jor,2008,23429
jor,2009,23446
jor,2010,23483
jor,2011,23886
jor,2012,24523
jor,2013,25105
jor,2014,25441
jor,2015,25837
kaz,1980,16816
kaz,1981,16350
kaz,1982,15898
kaz,1983,16416
kaz,1984,16102
kaz,1985,16023
kaz,1986,16069
kaz,1987,15770
kaz,1988,16842
kaz,1989,16089
kaz,1990,15663
kaz,1991,14114
kaz,1992,13608
kaz,1993,13505
kaz,1994,12430
kaz,1995,11459
kaz,1996,11570
kaz,1997,11855
kaz,1998,12286
kaz,1999,12662
kaz,2000,13694
kaz,2001,14393
kaz,2002,15773
kaz,2003,16563
kaz,2004,17653
kaz,2005,19154
kaz,2006,20797
kaz,2007,21970
kaz,2008,22039
kaz,2009,22175
kaz,2010,23166
kaz,2011,24294
kaz,2012,24885
kaz,2013,26173
kaz,2014,27103
kaz,2015,27372
ken,1980,3145
ken,1981,3130
ken,1982,3221
ken,1983,3124
ken,1984,3083
ken,1985,3101
ken,1986,3215
ken,1987,3298
ken,1988,3401
ken,1989,3417
ken,1990,3448
ken,1991,3375
ken,1992,3223
ken,1993,3105
ken,1994,3033
ken,1995,2985
ken,1996,2959
ken,1997,2843
ken,1998,2825
ken,1999,2777
ken,2000,2703
ken,2001,2747
ken,2002,2689
ken,2003,2701
ken,2004,2731
ken,2005,2815
ken,2006,2914
ken,2007,3002
ken,2008,2890
ken,2009,2927
ken,2010,3078
ken,2011,3141
ken,2012,3215
ken,2013,3310
ken,2014,3397
ken,2015,3506
kor,1980,11463
kor,1981,11879
kor,1982,12464
kor,1983,13776
kor,1984,15051
kor,1985,15457
kor,1986,16648
kor,1987,17601
kor,1988,18988
kor,1989,19405
kor,1990,20633
kor,1991,21983
kor,1992,22807
kor,1993,23966
kor,1994,25255
kor,1995,26745
kor,1996,28060
kor,1997,29170
kor,1998,29272
kor,1999,31845
kor,2000,33234
kor,2001,34061
kor,2002,35611
kor,2003,36714
kor,2004,37760
kor,2005,38728
kor,2006,40214
kor,2007,41901
kor,2008,42822
kor,2009,43257
kor,2010,45442
kor,2011,46308
kor,2012,46532
kor,2013,47177
kor,2014,47723
kor,2015,48456
kwt,1980,40855
kwt,1981,30243
kwt,1982,24370
kwt,1983,24019
kwt,1984,23777
kwt,1985,21349
kwt,1986,22213
kwt,1987,20606
kwt,1988,20595
kwt,1989,21361
kwt,1990,16279
kwt,1991,9609
kwt,1992,17703
kwt,1993,21020
kwt,1994,20289
kwt,1995,18545
kwt,1996,16781
kwt,1997,16439
kwt,1998,16512
kwt,1999,15795
kwt,2000,16080
kwt,2001,15644
kwt,2002,15683
kwt,2003,17864
kwt,2004,19286
kwt,2005,20913
kwt,2006,21791
kwt,2007,22638
kwt,2008,22787
kwt,2009,20536
kwt,2010,18874
kwt,2011,20649
kwt,2012,21767
kwt,2013,21066
kwt,2014,20883
kwt,2015,20807
kgz,1980,9326
kgz,1981,9174
kgz,1982,9025
kgz,1983,9405
kgz,1984,9307
kgz,1985,8743
kgz,1986,8411
kgz,1987,8062
kgz,1988,8813
kgz,1989,8877
kgz,1990,9031
kgz,1991,8286
kgz,1992,6820
kgz,1993,6297
kgz,1994,5143
kgz,1995,4873
kgz,1996,5186
kgz,1997,5576
kgz,1998,5641
kgz,1999,5651
kgz,2000,5945
kgz,2001,6195
kgz,2002,5983
kgz,2003,6138
kgz,2004,6368
kgz,2005,6094
kgz,2006,6226
kgz,2007,6579
kgz,2008,7031
kgz,2009,7129
kgz,2010,7007
kgz,2011,7313
kgz,2012,7281
kgz,2013,8158
kgz,2014,8350
kgz,2015,8522
lva,1980,16056
lva,1981,16358
lva,1982,16667
lva,1983,16867
lva,1984,17261
lva,1985,16838
lva,1986,17174
lva,1987,16999
lva,1988,17709
lva,1989,18747
lva,1990,18868
lva,1991,16631
lva,1992,12188
lva,1993,11597
lva,1994,13188
lva,1995,14633
lva,1996,15292
lva,1997,15938
lva,1998,16989
lva,1999,17671
lva,2000,19112
lva,2001,20235
lva,2002,21073
lva,2003,22455
lva,2004,24165
lva,2005,26212
lva,2006,29344
lva,2007,31033
lva,2008,30304
lva,2009,30361
lva,2010,31593
lva,2011,32679
lva,2012,33770
lva,2013,34405
lva,2014,35699
lva,2015,36541
ltu,1980,15430
ltu,1981,15956
ltu,1982,16556
ltu,1983,16617
ltu,1984,16707
ltu,1985,16080
ltu,1986,16555
ltu,1987,16749
ltu,1988,18028
ltu,1989,17835
ltu,1990,17278
ltu,1991,15907
ltu,1992,12805
ltu,1993,11195
ltu,1994,10720
ltu,1995,12736
ltu,1996,13280
ltu,1997,14274
ltu,1998,15483
ltu,1999,15669
ltu,2000,16960
ltu,2001,18811
ltu,2002,19396
ltu,2003,20924
ltu,2004,22714
ltu,2005,24301
ltu,2006,26183
ltu,2007,28505
ltu,2008,29644
ltu,2009,27355
ltu,2010,29353
ltu,2011,31000
ltu,2012,31629
ltu,2013,32230
ltu,2014,32521
ltu,2015,33110
lux,1980,35854
lux,1981,36105
lux,1982,36039
lux,1983,37231
lux,1984,39313
lux,1985,40081
lux,1986,42189
lux,1987,42025
lux,1988,45037
lux,1989,47828
lux,1990,46885
lux,1991,48984
lux,1992,48536
lux,1993,49685
lux,1994,50233
lux,1995,49629
lux,1996,49129
lux,1997,50493
lux,1998,51469
lux,1999,53147
lux,2000,54599
lux,2001,52678
lux,2002,52870
lux,2003,52530
lux,2004,53847
lux,2005,54555
lux,2006,55122
lux,2007,56204
lux,2008,53908
lux,2009,50498
lux,2010,52150
lux,2011,51978
lux,2012,50662
lux,2013,50668
lux,2014,50450
lux,2015,50499
mkd,1980,11282
mkd,1981,11008
mkd,1982,10743
mkd,1983,10161
mkd,1984,10231
mkd,1985,9905
mkd,1986,10232
mkd,1987,9650
mkd,1988,9374
mkd,1989,9565
mkd,1990,8720
mkd,1991,8427
mkd,1992,8251
mkd,1993,8075
mkd,1994,8366
mkd,1995,9147
mkd,1996,9690
mkd,1997,10385
mkd,1998,10376
mkd,1999,10892
mkd,2000,11353
mkd,2001,11077
mkd,2002,10827
mkd,2003,11118
mkd,2004,12450
mkd,2005,12383
mkd,2006,12432
mkd,2007,12815
mkd,2008,12464
mkd,2009,11827
mkd,2010,12625
mkd,2011,12794
mkd,2012,12595
mkd,2013,12691
mkd,2014,12953
mkd,2015,13334
mdg,1980,2512
mdg,1981,2236
mdg,1982,2139
mdg,1983,2102
mdg,1984,1973
mdg,1985,1967
mdg,1986,1930
mdg,1987,1922
mdg,1988,1903
mdg,1989,1929
mdg,1990,1952
mdg,1991,1770
mdg,1992,1739
mdg,1993,1716
mdg,1994,1672
mdg,1995,1642
mdg,1996,1627
mdg,1997,1634
mdg,1998,1650
mdg,1999,1679
mdg,2000,1709
mdg,2001,1785
mdg,2002,1519
mdg,2003,1627
mdg,2004,1638
mdg,2005,1640
mdg,2006,1678
mdg,2007,1719
mdg,2008,1775
mdg,2009,1649
mdg,2010,1576
mdg,2011,1547
mdg,2012,1541
mdg,2013,1523
mdg,2014,1521
mdg,2015,1556
mwi,1980,1517
mwi,1981,1404
mwi,1982,1371
mwi,1983,1361
mwi,1984,1384
mwi,1985,1440
mwi,1986,1383
mwi,1987,1381
mwi,1988,1333
mwi,1989,1327
mwi,1990,1329
mwi,1991,1393
mwi,1992,1267
mwi,1993,1410
mwi,1994,1241
mwi,1995,1344
mwi,1996,1452
mwi,1997,1467
mwi,1998,1483
mwi,1999,1486
mwi,2000,1504
mwi,2001,1425
mwi,2002,1444
mwi,2003,1521
mwi,2004,1546
mwi,2005,1548
mwi,2006,1611
mwi,2007,1687
mwi,2008,1719
mwi,2009,1761
mwi,2010,1770
mwi,2011,1769
mwi,2012,1748
mwi,2013,1785
mwi,2014,1829
mwi,2015,1882
mys,1980,11565
mys,1981,11411
mys,1982,12013
mys,1983,12232
mys,1984,12901
mys,1985,12573
mys,1986,12493
mys,1987,12636
mys,1988,13324
mys,1989,13988
mys,1990,14583
mys,1991,15556
mys,1992,16418
mys,1993,17141
mys,1994,18087
mys,1995,19789
mys,1996,19613
mys,1997,20597
mys,1998,19019
mys,1999,19612
mys,2000,20269
mys,2001,20182
mys,2002,20835
mys,2003,21267
mys,2004,22443
mys,2005,23477
mys,2006,24202
mys,2007,25043
mys,2008,25939
mys,2009,24997
mys,2010,24403
mys,2011,24808
mys,2012,25257
mys,2013,25075
mys,2014,25905
mys,2015,26500
mli,1980,2450
mli,1981,2329
mli,1982,2159
mli,1983,2218
mli,1984,2277
mli,1985,2291
mli,1986,2396
mli,1987,2402
mli,1988,2359
mli,1989,2557
mli,1990,2534
mli,1991,2371
mli,1992,2513
mli,1993,2590
mli,1994,2529
mli,1995,2602
mli,1996,2584
mli,1997,2667
mli,1998,2761
mli,1999,2795
mli,2000,2589
mli,2001,2773
mli,2002,2771
mli,2003,2856
mli,2004,2796
mli,2005,2842
mli,2006,2865
mli,2007,3279
mli,2008,3348
mli,2009,3402
mli,2010,3501
mli,2011,3508
mli,2012,3425
mli,2013,3405
mli,2014,3545
mli,2015,3646
mlt,1980,17106
mlt,1981,17740
mlt,1982,18889
mlt,1983,18754
mlt,1984,18817
mlt,1985,19053
mlt,1986,19378
mlt,1987,18984
mlt,1988,20067
mlt,1989,21513
mlt,1990,22683
mlt,1991,23500
mlt,1992,24356
mlt,1993,25320
mlt,1994,26430
mlt,1995,26926
mlt,1996,27514
mlt,1997,28883
mlt,1998,30426
mlt,1999,31651
mlt,2000,34207
mlt,2001,33819
mlt,2002,34732
mlt,2003,35752
mlt,2004,35779
mlt,2005,36668
mlt,2006,36792
mlt,2007,37420
mlt,2008,37713
mlt,2009,36771
mlt,2010,37437
mlt,2011,37244
mlt,2012,37329
mlt,2013,36798
mlt,2014,36571
mlt,2015,36607
mex,1980,21248
mex,1981,22358
mex,1982,21471
mex,1983,20460
mex,1984,20337
mex,1985,19920
mex,1986,18579
mex,1987,18282
mex,1988,17881
mex,1989,17963
mex,1990,18228
mex,1991,18417
mex,1992,18433
mex,1993,18144
mex,1994,18304
mex,1995,17325
mex,1996,17499
mex,1997,17666
mex,1998,18080
mex,1999,18546
mex,2000,19337
mex,2001,19285
mex,2002,18992
mex,2003,19099
mex,2004,19241
mex,2005,19708
mex,2006,19998
mex,2007,20304
mex,2008,20125
mex,2009,19382
mex,2010,18843
mex,2011,19444
mex,2012,19338
mex,2013,19429
mex,2014,19549
mex,2015,19779
mda,1980,11203
mda,1981,11660
mda,1982,12356
mda,1983,12820
mda,1984,13089
mda,1985,11774
mda,1986,12541
mda,1987,12517
mda,1988,12686
mda,1989,13473
mda,1990,13108
mda,1991,10819
mda,1992,7756
mda,1993,9307
mda,1994,6456
mda,1995,6398
mda,1996,6069
mda,1997,6221
mda,1998,5828
mda,1999,6184
mda,2000,6227
mda,2001,6678
mda,2002,7170
mda,2003,8483
mda,2004,9387
mda,2005,10071
mda,2006,11068
mda,2007,11492
mda,2008,12355
mda,2009,12269
mda,2010,13611
mda,2011,14165
mda,2012,14388
mda,2013,15315
mda,2014,15613
mda,2015,15577
mar,1980,9132
mar,1981,9853
mar,1982,9213
mar,1983,9575
mar,1984,9819
mar,1985,9593
mar,1986,9039
mar,1987,9899
mar,1988,9551
mar,1989,9583
mar,1990,9975
mar,1991,9811
mar,1992,11107
mar,1993,11252
mar,1994,10492
mar,1995,11675
mar,1996,10663
mar,1997,11370
mar,1998,11020
mar,1999,11399
mar,2000,11663
mar,2001,11478
mar,2002,11516
mar,2003,11192
mar,2004,11192
mar,2005,11640
mar,2006,11364
mar,2007,12060
mar,2008,11768
mar,2009,11083
mar,2010,11368
mar,2011,11343
mar,2012,11678
mar,2013,12059
mar,2014,12234
mar,2015,12563
moz,1980,2907
moz,1981,2958
moz,1982,2874
moz,1983,2666
moz,1984,2591
moz,1985,2355
moz,1986,2388
moz,1987,2471
moz,1988,2610
moz,1989,2713
moz,1990,2751
moz,1991,2818
moz,1992,2607
moz,1993,2691
moz,1994,2621
moz,1995,2498
moz,1996,3052
moz,1997,3290
moz,1998,3560
moz,1999,3735
moz,2000,3707
moz,2001,4081
moz,2002,4352
moz,2003,4550
moz,2004,4826
moz,2005,5160
moz,2006,5573
moz,2007,5883
moz,2008,6111
moz,2009,6386
moz,2010,6709
moz,2011,7056
moz,2012,7386
moz,2013,7755
moz,2014,8128
moz,2015,8578
mmr,1980,1986
mmr,1981,2048
mmr,1982,2114
mmr,1983,2141
mmr,1984,2196
mmr,1985,2212
mmr,1986,2141
mmr,1987,2007
mmr,1988,1749
mmr,1989,1787
mmr,1990,1938
mmr,1991,1894
mmr,1992,2018
mmr,1993,2082
mmr,1994,2174
mmr,1995,2260
mmr,1996,2337
mmr,1997,2401
mmr,1998,2481
mmr,1999,2652
mmr,2000,2933
mmr,2001,3197
mmr,2002,3506
mmr,2003,3911
mmr,2004,4363
mmr,2005,4868
mmr,2006,5412
mmr,2007,5965
mmr,2008,6505
mmr,2009,7069
mmr,2010,7662
mmr,2011,7951
mmr,2012,8420
mmr,2013,8915
mmr,2014,9457
mmr,2015,10102
nld,1980,34333
nld,1981,34312
nld,1982,34428
nld,1983,35330
nld,1984,36196
nld,1985,36624
nld,1986,36767
nld,1987,36505
nld,1988,36794
nld,1989,37509
nld,1990,37895
nld,1991,38088
nld,1992,38200
nld,1993,38519
nld,1994,39386
nld,1995,39720
nld,1996,40095
nld,1997,40461
nld,1998,41262
nld,1999,41928
nld,2000,42975
nld,2001,42849
nld,2002,42545
nld,2003,42897
nld,2004,44211
nld,2005,44903
nld,2006,45634
nld,2007,46184
nld,2008,46388
nld,2009,45243
nld,2010,46040
nld,2011,46405
nld,2012,45886
nld,2013,46140
nld,2014,46666
nld,2015,47176
nzl,1980,25070
nzl,1981,26736
nzl,1982,26982
nzl,1983,27797
nzl,1984,28924
nzl,1985,28211
nzl,1986,28517
nzl,1987,29091
nzl,1988,29082
nzl,1989,30758
nzl,1990,31135
nzl,1991,30648
nzl,1992,31168
nzl,1993,33020
nzl,1994,34165
nzl,1995,34068
nzl,1996,34161
nzl,1997,34553
nzl,1998,34340
nzl,1999,34904
nzl,2000,35759
nzl,2001,36105
nzl,2002,36942
nzl,2003,37572
nzl,2004,38065
nzl,2005,37711
nzl,2006,37388
nzl,2007,38146
nzl,2008,37176
nzl,2009,37117
nzl,2010,37814
nzl,2011,37809
nzl,2012,38660
nzl,2013,39108
nzl,2014,39018
nzl,2015,39488
ner,1980,2416
ner,1981,2400
ner,1982,2327
ner,1983,2242
ner,1984,1829
ner,1985,1826
ner,1986,1875
ner,1987,1775
ner,1988,1840
ner,1989,1777
ner,1990,1680
ner,1991,1623
ner,1992,1563
ner,1993,1514
ner,1994,1492
ner,1995,1477
ner,1996,1486
ner,1997,1432
ner,1998,1547
ner,1999,1498
ner,2000,1401
ner,2001,1448
ner,2002,1467
ner,2003,1464
ner,2004,1401
ner,2005,1453
ner,2006,1488
ner,2007,1485
ner,2008,1575
ner,2009,1514
ner,2010,1588
ner,2011,1572
ner,2012,1691
ner,2013,1704
ner,2014,1764
ner,2015,1814
nga,1980,3491
nga,1981,3073
nga,1982,3008
nga,1983,2901
nga,1984,2900
nga,1985,3135
nga,1986,3180
nga,1987,3077
nga,1988,3254
nga,1989,3382
nga,1990,3468
nga,1991,3380
nga,1992,3381
nga,1993,3342
nga,1994,3300
nga,1995,3301
nga,1996,3343
nga,1997,3338
nga,1998,3318
nga,1999,3203
nga,2000,3390
nga,2001,3524
nga,2002,4171
nga,2003,4580
nga,2004,4724
nga,2005,4898
nga,2006,5036
nga,2007,5192
nga,2008,5361
nga,2009,5588
nga,2010,5868
nga,2011,6116
nga,2012,6213
nga,2013,6381
nga,2014,6620
nga,2015,6800
nor,1980,31603
nor,1981,31505
nor,1982,31554
nor,1983,32767
nor,1984,34440
nor,1985,35254
nor,1986,35362
nor,1987,35367
nor,1988,35550
nor,1989,36944
nor,1990,38044
nor,1991,39622
nor,1992,41119
nor,1993,41979
nor,1994,43507
nor,1995,44395
nor,1996,45700
nor,1997,46754
nor,1998,46742
nor,1999,47249
nor,2000,48469
nor,2001,49309
nor,2002,49826
nor,2003,50894
nor,2004,52567
nor,2005,53259
nor,2006,52743
nor,2007,52125
nor,2008,50686
nor,2009,50093
nor,2010,50667
nor,2011,50399
nor,2012,50743
nor,2013,50498
nor,2014,51063
nor,2015,51520
omn,1980,13930
omn,1981,15718
omn,1982,16902
omn,1983,19015
omn,1984,21398
omn,1985,23515
omn,1986,23159
omn,1987,24113
omn,1988,23941
omn,1989,24050
omn,1990,23198
omn,1991,22766
omn,1992,22746
omn,1993,22228
omn,1994,21637
omn,1995,21655
omn,1996,21579
omn,1997,22536
omn,1998,22935
omn,1999,22541
omn,2000,23389
omn,2001,24344
omn,2002,23528
omn,2003,22211
omn,2004,21775
omn,2005,21465
omn,2006,21647
omn,2007,21567
omn,2008,22093
omn,2009,21875
omn,2010,21304
omn,2011,19930
omn,2012,19639
omn,2013,19385
omn,2014,19006
omn,2015,19122
pak,1980,4191
pak,1981,4416
pak,1982,4638
pak,1983,4834
pak,1984,4916
pak,1985,5225
pak,1986,5543
pak,1987,5501
pak,1988,5791
pak,1989,5912
pak,1990,5929
pak,1991,6550
pak,1992,6609
pak,1993,6615
pak,1994,6736
pak,1995,7038
pak,1996,7071
pak,1997,6782
pak,1998,6651
pak,1999,6762
pak,2000,7064
pak,2001,7123
pak,2002,7326
pak,2003,7428
pak,2004,7578
pak,2005,7951
pak,2006,7648
pak,2007,7668
pak,2008,7593
pak,2009,7465
pak,2010,7443
pak,2011,7578
pak,2012,7721
pak,2013,8028
pak,2014,8198
pak,2015,8298
per,1980,14485
per,1981,14567
per,1982,14132
per,1983,11652
per,1984,11770
per,1985,11725
per,1986,11883
per,1987,12425
per,1988,11340
per,1989,9726
per,1990,8969
per,1991,8635
per,1992,8583
per,1993,8689
per,1994,9307
per,1995,9507
per,1996,9414
per,1997,9805
per,1998,9357
per,1999,9239
per,2000,9061
per,2001,8993
per,2002,9282
per,2003,9454
per,2004,9702
per,2005,10092
per,2006,10483
per,2007,11111
per,2008,11857
per,2009,11715
per,2010,12403
per,2011,12881
per,2012,13425
per,2013,13858
per,2014,14043
per,2015,14356
phl,1980,7611
phl,1981,7542
phl,1982,7713
phl,1983,7426
phl,1984,6694
phl,1985,6258
phl,1986,6231
phl,1987,6109
phl,1988,6164
phl,1989,6336
phl,1990,6439
phl,1991,6205
phl,1992,6021
phl,1993,5976
phl,1994,6076
phl,1995,6200
phl,1996,6198
phl,1997,6395
phl,1998,6314
phl,1999,6477
phl,2000,6909
phl,2001,6694
phl,2002,6729
phl,2003,6931
phl,2004,7168
phl,2005,7346
phl,2006,7655
phl,2007,7937
phl,2008,8138
phl,2009,8004
phl,2010,8377
phl,2011,8418
phl,2012,8893
phl,2013,9448
phl,2014,9981
phl,2015,10381
pol,1980,12289
pol,1981,11577
pol,1982,11758
pol,1983,12372
pol,1984,12796
pol,1985,12820
pol,1986,13189
pol,1987,13054
pol,1988,13433
pol,1989,13240
pol,1990,12489
pol,1991,12338
pol,1992,12779
pol,1993,13521
pol,1994,14453
pol,1995,15325
pol,1996,15963
pol,1997,16566
pol,1998,17104
pol,1999,18057
pol,2000,19347
pol,2001,20032
pol,2002,21077
pol,2003,22085
pol,2004,22959
pol,2005,23272
pol,2006,23951
pol,2007,24572
pol,2008,24600
pol,2009,25156
pol,2010,26798
pol,2011,27916
pol,2012,28375
pol,2013,28870
pol,2014,29326
pol,2015,30025
prt,1980,20199
prt,1981,20429
prt,1982,20876
prt,1983,19921
prt,1984,19596
prt,1985,20239
prt,1986,21039
prt,1987,21809
prt,1988,22843
prt,1989,23487
prt,1990,23982
prt,1991,24307
prt,1992,24352
prt,1993,24349
prt,1994,24613
prt,1995,25811
prt,1996,26273
prt,1997,26735
prt,1998,27252
prt,1999,27881
prt,2000,28313
prt,2001,28367
prt,2002,28475
prt,2003,28484
prt,2004,29206
prt,2005,29566
prt,2006,29907
prt,2007,30648
prt,2008,30597
prt,2009,30517
prt,2010,31546
prt,2011,31583
prt,2012,31837
prt,2013,32334
prt,2014,32176
prt,2015,32623
qat,1980,63068
qat,1981,49549
qat,1982,36875
qat,1983,30380
qat,1984,27208
qat,1985,22292
qat,1986,17313
qat,1987,16208
qat,1988,15101
qat,1989,14010
qat,1990,12862
qat,1991,12131
qat,1992,12959
qat,1993,12263
qat,1994,11998
qat,1995,11941
qat,1996,12211
qat,1997,15462
qat,1998,16388
qat,1999,16449
qat,2000,17120
qat,2001,17004
qat,2002,17544
qat,2003,17242
qat,2004,17881
qat,2005,15328
qat,2006,15673
qat,2007,15386
qat,2008,15553
qat,2009,15346
qat,2010,16113
qat,2011,16846
qat,2012,16898
qat,2013,17221
qat,2014,17620
qat,2015,18133
rou,1980,7467
rou,1981,7406
rou,1982,7374
rou,1983,7293
rou,1984,7551
rou,1985,7476
rou,1986,7548
rou,1987,7364
rou,1988,7249
rou,1989,6641
rou,1990,6052
rou,1991,5097
rou,1992,4798
rou,1993,5063
rou,1994,5289
rou,1995,5976
rou,1996,6418
rou,1997,6057
rou,1998,6115
rou,1999,6166
rou,2000,6363
rou,2001,6791
rou,2002,7951
rou,2003,8394
rou,2004,9250
rou,2005,9784
rou,2006,10501
rou,2007,11181
rou,2008,12125
rou,2009,11495
rou,2010,11434
rou,2011,11649
rou,2012,12316
rou,2013,12814
rou,2014,13047
rou,2015,13359
rus,1980,15802
rus,1981,15899
rus,1982,15883
rus,1983,16160
rus,1984,15965
rus,1985,16352
rus,1986,16692
rus,1987,16643
rus,1988,16875
rus,1989,16977
rus,1990,16624
rus,1991,16100
rus,1992,14112
rus,1993,13104
rus,1994,11832
rus,1995,11695
rus,1996,11364
rus,1997,11750
rus,1998,11307
rus,1999,11169
rus,2000,11889
rus,2001,12485
rus,2002,12776
rus,2003,13754
rus,2004,14557
rus,2005,15282
rus,2006,16363
rus,2007,17328
rus,2008,18136
rus,2009,17123
rus,2010,17761
rus,2011,18275
rus,2012,18723
rus,2013,19010
rus,2014,19091
rus,2015,18481
lca,1980,5259
lca,1981,5327
lca,1982,5415
lca,1983,5641
lca,1984,5943
lca,1985,6297
lca,1986,7261
lca,1987,7376
lca,1988,8345
lca,1989,8894
lca,1990,9086
lca,1991,8913
lca,1992,9394
lca,1993,9292
lca,1994,9500
lca,1995,8980
lca,1996,9376
lca,1997,9901
lca,1998,10428
lca,1999,10062
lca,2000,9470
lca,2001,9101
lca,2002,9080
lca,2003,9497
lca,2004,10533
lca,2005,9803
lca,2006,10297
lca,2007,9757
lca,2008,10267
lca,2009,10507
lca,2010,10573
lca,2011,10595
lca,2012,10304
lca,2013,10155
lca,2014,9938
lca,2015,10022
sau,1980,53307
sau,1981,54017
sau,1982,51558
sau,1983,43207
sau,1984,40523
sau,1985,35501
sau,1986,31304
sau,1987,30751
sau,1988,29797
sau,1989,28988
sau,1990,31028
sau,1991,33261
sau,1992,32830
sau,1993,31740
sau,1994,30702
sau,1995,30213
sau,1996,30942
sau,1997,31519
sau,1998,32272
sau,1999,30940
sau,2000,31066
sau,2001,30288
sau,2002,29255
sau,2003,30175
sau,2004,31474
sau,2005,32400
sau,2006,33150
sau,2007,33789
sau,2008,35384
sau,2009,35250
sau,2010,36695
sau,2011,38782
sau,2012,39788
sau,2013,38518
sau,2014,38812
sau,2015,39335
sen,1980,4554
sen,1981,4317
sen,1982,4701
sen,1983,4646
sen,1984,4248
sen,1985,4223
sen,1986,4206
sen,1987,4129
sen,1988,4127
sen,1989,3860
sen,1990,3856
sen,1991,3667
sen,1992,3694
sen,1993,3592
sen,1994,3660
sen,1995,3750
sen,1996,3889
sen,1997,3929
sen,1998,4020
sen,1999,4166
sen,2000,4202
sen,2001,4312
sen,2002,4230
sen,2003,4390
sen,2004,4497
sen,2005,4631
sen,2006,4581
sen,2007,4590
sen,2008,4648
sen,2009,4634
sen,2010,4668
sen,2011,4627
sen,2012,4652
sen,2013,4633
sen,2014,4710
sen,2015,4824
sgp,1980,17376
sgp,1981,18432
sgp,1982,19212
sgp,1983,20303
sgp,1984,21863
sgp,1985,22058
sgp,1986,22824
sgp,1987,23952
sgp,1988,25340
sgp,1989,26438
sgp,1990,26068
sgp,1991,28043
sgp,1992,29041
sgp,1993,32070
sgp,1994,34338
sgp,1995,35612
sgp,1996,36133
sgp,1997,36932
sgp,1998,35251
sgp,1999,37248
sgp,2000,39141
sgp,2001,37800
sgp,2002,39602
sgp,2003,41704
sgp,2004,45071
sgp,2005,46469
sgp,2006,47548
sgp,2007,49396
sgp,2008,46304
sgp,2009,45264
sgp,2010,49749
sgp,2011,51109
sgp,2012,50837
sgp,2013,51860
sgp,2014,52024
sgp,2015,52665
svk,1985,15768
svk,1986,16132
svk,1987,16350
svk,1988,16503
svk,1989,16703
svk,1990,16417
svk,1991,15238
svk,1992,15238
svk,1993,16332
svk,1994,17675
svk,1995,19030
svk,1996,19935
svk,1997,21038
svk,1998,21982
svk,1999,22508
svk,2000,23235
svk,2001,23870
svk,2002,24972
svk,2003,26041
svk,2004,27469
svk,2005,28800
svk,2006,30543
svk,2007,33113
svk,2008,33827
svk,2009,32677
svk,2010,34780
svk,2011,35098
svk,2012,35643
svk,2013,36434
svk,2014,36793
svk,2015,37492
svn,1980,23756
svn,1981,23392
svn,1982,23009
svn,1983,22912
svn,1984,23010
svn,1985,22900
svn,1986,23235
svn,1987,20494
svn,1988,20018
svn,1989,20177
svn,1990,19295
svn,1991,19044
svn,1992,19056
svn,1993,20201
svn,1994,21814
svn,1995,23485
svn,1996,24803
svn,1997,26555
svn,1998,27457
svn,1999,28467
svn,2000,29195
svn,2001,29885
svn,2002,30550
svn,2003,31515
svn,2004,32790
svn,2005,34269
svn,2006,35645
svn,2007,36883
svn,2008,37148
svn,2009,34876
svn,2010,36081
svn,2011,36902
svn,2012,36228
svn,2013,36404
svn,2014,37115
svn,2015,37573
zaf,1980,15644
zaf,1981,16086
zaf,1982,15646
zaf,1983,15003
zaf,1984,15396
zaf,1985,14854
zaf,1986,14655
zaf,1987,14239
zaf,1988,14157
zaf,1989,13838
zaf,1990,13158
zaf,1991,12527
zaf,1992,12071
zaf,1993,12033
zaf,1994,12231
zaf,1995,12419
zaf,1996,12755
zaf,1997,12891
zaf,1998,12759
zaf,1999,12861
zaf,2000,13212
zaf,2001,14042
zaf,2002,13873
zaf,2003,14598
zaf,2004,15102
zaf,2005,15192
zaf,2006,15124
zaf,2007,16136
zaf,2008,16191
zaf,2009,16300
zaf,2010,17110
zaf,2011,17046
zaf,2012,17037
zaf,2013,16844
zaf,2014,16784
zaf,2015,17086
esp,1980,27292
esp,1981,28107
esp,1982,28858
esp,1983,29691
esp,1984,30812
esp,1985,31764
esp,1986,32069
esp,1987,32345
esp,1988,32959
esp,1989,33486
esp,1990,33695
esp,1991,34142
esp,1992,34946
esp,1993,35595
esp,1994,36617
esp,1995,37718
esp,1996,38174
esp,1997,38156
esp,1998,38127
esp,1999,38103
esp,2000,38220
esp,2001,38466
esp,2002,38578
esp,2003,38525
esp,2004,38303
esp,2005,38095
esp,2006,38096
esp,2007,38277
esp,2008,38633
esp,2009,39745
esp,2010,40453
esp,2011,41250
esp,2012,41946
esp,2013,42544
esp,2014,42595
esp,2015,42470
lka,1980,6876
lka,1981,7188
lka,1982,7174
lka,1983,7177
lka,1984,7172
lka,1985,7098
lka,1986,7174
lka,1987,7262
lka,1988,7495
lka,1989,7745
lka,1990,8339
lka,1991,8795
lka,1992,9281
lka,1993,9466
lka,1994,9850
lka,1995,10247
lka,1996,10286
lka,1997,10811
lka,1998,10498
lka,1999,10886
lka,2000,11122
lka,2001,11100
lka,2002,11045
lka,2003,10877
lka,2004,10878
lka,2005,11366
lka,2006,12949
lka,2007,13953
lka,2008,13612
lka,2009,14179
lka,2010,15107
lka,2011,15489
lka,2012,16487
lka,2013,17075
lka,2014,18347
lka,2015,19507
sdn,1980,4131
sdn,1981,3925
sdn,1982,4114
sdn,1983,3908
sdn,1984,3628
sdn,1985,3320
sdn,1986,3388
sdn,1987,3423
sdn,1988,3439
sdn,1989,3668
sdn,1990,3329
sdn,1991,3456
sdn,1992,3520
sdn,1993,3484
sdn,1994,3555
sdn,1995,3646
sdn,1996,3749
sdn,1997,3892
sdn,1998,4098
sdn,1999,4166
sdn,2000,4406
sdn,2001,4758
sdn,2002,4921
sdn,2003,5158
sdn,2004,5293
sdn,2005,5626
sdn,2006,5847
sdn,2007,6027
sdn,2008,6170
sdn,2009,6514
sdn,2010,6782
sdn,2011,6494
sdn,2012,5569
sdn,2013,5731
sdn,2014,5796
sdn,2015,5842
swe,1980,29156
swe,1981,28937
swe,1982,29334
swe,1983,29788
swe,1984,30471
swe,1985,30676
swe,1986,31309
swe,1987,32042
swe,1988,32489
swe,1989,33007
swe,1990,33091
swe,1991,33209
swe,1992,34353
swe,1993,35501
swe,1994,37307
swe,1995,38190
swe,1996,39082
swe,1997,40740
swe,1998,41757
swe,1999,42752
swe,2000,43705
swe,2001,43473
swe,2002,44353
swe,2003,45675
swe,2004,47985
swe,2005,49207
swe,2006,50655
swe,2007,51199
swe,2008,50459
swe,2009,49029
swe,2010,51469
swe,2011,51738
swe,2012,51213
swe,2013,51361
swe,2014,51735
swe,2015,52705
che,1980,36038
che,1981,35798
che,1982,34904
che,1983,35102
che,1984,35916
che,1985,36492
che,1986,36265
che,1987,35646
che,1988,35855
che,1989,36472
che,1990,36670
che,1991,35489
che,1992,35755
che,1993,36105
che,1994,36797
che,1995,36999
che,1996,37244
che,1997,38135
che,1998,38745
che,1999,39075
che,2000,40219
che,2001,40141
che,2002,39915
che,2003,40074
che,2004,41100
che,2005,42043
che,2006,42848
che,2007,43491
che,2008,43431
che,2009,42314
che,2010,43329
che,2011,43061
che,2012,42896
che,2013,43167
che,2014,43297
che,2015,43426
syr,1980,27621
syr,1981,30266
syr,1982,30928
syr,1983,31387
syr,1984,28492
syr,1985,28778
syr,1986,26036
syr,1987,25244
syr,1988,27194
syr,1989,23535
syr,1990,23860
syr,1991,24246
syr,1992,26169
syr,1993,25503
syr,1994,25964
syr,1995,26327
syr,1996,28764
syr,1997,29318
syr,1998,29648
syr,1999,27961
syr,2000,28083
syr,2001,29229
syr,2002,30927
syr,2003,30018
syr,2004,31712
syr,2005,33191
syr,2006,33533
syr,2007,33444
syr,2008,34524
syr,2009,35774
syr,2010,36025
syr,2011,35309
syr,2012,28294
syr,2013,22351
syr,2014,20225
syr,2015,18589
twn,1980,14290
twn,1981,14887
twn,1982,15103
twn,1983,15778
twn,1984,16881
twn,1985,17431
twn,1986,18693
twn,1987,20937
twn,1988,21678
twn,1989,23034
twn,1990,24203
twn,1991,25629
twn,1992,26949
twn,1993,28391
twn,1994,29886
twn,1995,31420
twn,1996,33074
twn,1997,34475
twn,1998,35233
twn,1999,36957
twn,2000,38659
twn,2001,38464
twn,2002,40181
twn,2003,41138
twn,2004,42734
twn,2005,44041
twn,2006,45660
twn,2007,47532
twn,2008,47378
twn,2009,47083
twn,2010,51083
twn,2011,52089
twn,2012,52010
twn,2013,52764
twn,2014,54187
twn,2015,55221
tjk,1980,9871
tjk,1981,9628
tjk,1982,9391
tjk,1983,9458
tjk,1984,9319
tjk,1985,9146
tjk,1986,9181
tjk,1987,8903
tjk,1988,9853
tjk,1989,8391
tjk,1990,8192
tjk,1991,7397
tjk,1992,5186
tjk,1993,4468
tjk,1994,3517
tjk,1995,3311
tjk,1996,2743
tjk,1997,2697
tjk,1998,2833
tjk,1999,3038
tjk,2000,3272
tjk,2001,3422
tjk,2002,3736
tjk,2003,4089
tjk,2004,4071
tjk,2005,4295
tjk,2006,4537
tjk,2007,4840
tjk,2008,5187
tjk,2009,5269
tjk,2010,5555
tjk,2011,5649
tjk,2012,5961
tjk,2013,6362
tjk,2014,6662
tjk,2015,6834
tza,1980,1397
tza,1981,1346
tza,1982,1326
tza,1983,1291
tza,1984,1281
tza,1985,1239
tza,1986,1246
tza,1987,1268
tza,1988,1279
tza,1989,1283
tza,1990,1292
tza,1991,1325
tza,1992,1334
tza,1993,1360
tza,1994,1368
tza,1995,1387
tza,1996,1419
tza,1997,1437
tza,1998,1459
tza,1999,1497
tza,2000,1540
tza,2001,1595
tza,2002,1665
tza,2003,1716
tza,2004,1780
tza,2005,1834
tza,2006,1873
tza,2007,1933
tza,2008,1984
tza,2009,1986
tza,2010,2020
tza,2011,2125
tza,2012,2170
tza,2013,2283
tza,2014,2380
tza,2015,2476
tha,1980,5333
tha,1981,6094
tha,1982,5397
tha,1983,6176
tha,1984,6194
tha,1985,6464
tha,1986,6588
tha,1987,6852
tha,1988,7395
tha,1989,8084
tha,1990,8291
tha,1991,9489
tha,1992,9837
tha,1993,10732
tha,1994,11790
tha,1995,12480
tha,1996,13146
tha,1997,12563
tha,1998,12150
tha,1999,12474
tha,2000,12768
tha,2001,12874
tha,2002,13270
tha,2003,13896
tha,2004,14392
tha,2005,14768
tha,2006,15308
tha,2007,15891
tha,2008,15818
tha,2009,15396
tha,2010,16394
tha,2011,16311
tha,2012,17248
tha,2013,17763
tha,2014,18279
tha,2015,18797
tto,1980,34805
tto,1981,36181
tto,1982,33103
tto,1983,30623
tto,1984,31527
tto,1985,31121
tto,1986,30802
tto,1987,30817
tto,1988,29682
tto,1989,29907
tto,1990,29698
tto,1991,28449
tto,1992,27643
tto,1993,27335
tto,1994,27554
tto,1995,27588
tto,1996,28687
tto,1997,29844
tto,1998,30954
tto,1999,32748
tto,2000,34054
tto,2001,34714
tto,2002,36685
tto,2003,41272
tto,2004,42322
tto,2005,43689
tto,2006,48944
tto,2007,50993
tto,2008,51858
tto,2009,50356
tto,2010,51008
tto,2011,49269
tto,2012,49153
tto,2013,47542
tto,2014,48183
tto,2015,48955
tun,1980,11785
tun,1981,12076
tun,1982,11692
tun,1983,12071
tun,1984,12241
tun,1985,12673
tun,1986,12233
tun,1987,12794
tun,1988,12580
tun,1989,12828
tun,1990,13406
tun,1991,13493
tun,1992,14089
tun,1993,13946
tun,1994,13939
tun,1995,14238
tun,1996,15226
tun,1997,16023
tun,1998,15830
tun,1999,15796
tun,2000,16049
tun,2001,16321
tun,2002,16231
tun,2003,16543
tun,2004,18121
tun,2005,18371
tun,2006,18917
tun,2007,19577
tun,2008,19995
tun,2009,20338
tun,2010,20439
tun,2011,20926
tun,2012,21134
tun,2013,21065
tun,2014,21155
tun,2015,21440
tur,1980,12613
tur,1981,13050
tur,1982,13565
tur,1983,13928
tur,1984,14510
tur,1985,15002
tur,1986,15767
tur,1987,16768
tur,1988,17165
tur,1989,16928
tur,1990,18182
tur,1991,17655
tur,1992,18550
tur,1993,21054
tur,1994,18444
tur,1995,19226
tur,1996,19997
tur,1997,21491
tur,1998,21585
tur,1999,20610
tur,2000,22471
tur,2001,21198
tur,2002,22574
tur,2003,23950
tur,2004,25701
tur,2005,27256
tur,2006,28627
tur,2007,29509
tur,2008,29064
tur,2009,27553
tur,2010,28323
tur,2011,28870
tur,2012,28624
tur,2013,28984
tur,2014,29342
tur,2015,29456
tkm,1980,10673
tkm,1981,10441
tkm,1982,10215
tkm,1983,10071
tkm,1984,9645
tkm,1985,9372
tkm,1986,9428
tkm,1987,9393
tkm,1988,9993
tkm,1989,8873
tkm,1990,9011
tkm,1991,8301
tkm,1992,6827
tkm,1993,6717
tkm,1994,5345
tkm,1995,4797
tkm,1996,5030
tkm,1997,4368
tkm,1998,4619
tkm,1999,5070
tkm,2000,5471
tkm,2001,5594
tkm,2002,5425
tkm,2003,5461
tkm,2004,5611
tkm,2005,6199
tkm,2006,6727
tkm,2007,7302
tkm,2008,8195
tkm,2009,8500
tkm,2010,9095
tkm,2011,10072
tkm,2012,10962
tkm,2013,11834
tkm,2014,12817
tkm,2015,13833
uga,1980,1605
uga,1981,1613
uga,1982,1690
uga,1983,1757
uga,1984,1555
uga,1985,1535
uga,1986,1490
uga,1987,1534
uga,1988,1591
uga,1989,1652
uga,1990,1551
uga,1991,1477
uga,1992,1549
uga,1993,1770
uga,1994,1875
uga,1995,1943
uga,1996,1955
uga,1997,1955
uga,1998,2095
uga,1999,2180
uga,2000,2223
uga,2001,2362
uga,2002,2470
uga,2003,2631
uga,2004,2792
uga,2005,3081
uga,2006,3165
uga,2007,3282
uga,2008,3478
uga,2009,3510
uga,2010,3632
uga,2011,3577
uga,2012,3485
uga,2013,3436
uga,2014,3477
uga,2015,3564
ukr,1980,10486
ukr,1981,10788
ukr,1982,11098
ukr,1983,11554
ukr,1984,11811
ukr,1985,11717
ukr,1986,11790
ukr,1987,12144
ukr,1988,12313
ukr,1989,12806
ukr,1990,12239
ukr,1991,11364
ukr,1992,10439
ukr,1993,9163
ukr,1994,7344
ukr,1995,6157
ukr,1996,5542
ukr,1997,5457
ukr,1998,5527
ukr,1999,6330
ukr,2000,6661
ukr,2001,7350
ukr,2002,7690
ukr,2003,8398
ukr,2004,9357
ukr,2005,9433
ukr,2006,10101
ukr,2007,10813
ukr,2008,11026
ukr,2009,9762
ukr,2010,10704
ukr,2011,11230
ukr,2012,11246
ukr,2013,11211
ukr,2014,11295
ukr,2015,10806
are,1980,52437
are,1981,51179
are,1982,45087
are,1983,41220
are,1984,41256
are,1985,38462
are,1986,28757
are,1987,28215
are,1988,26479
are,1989,27410
are,1990,28659
are,1991,26809
are,1992,25556
are,1993,23866
are,1994,23698
are,1995,23810
are,1996,23801
are,1997,24303
are,1998,23429
are,1999,23068
are,2000,24204
are,2001,23370
are,2002,22612
are,2003,23044
are,2004,23730
are,2005,23189
are,2006,23775
are,2007,23034
are,2008,22591
are,2009,20353
are,2010,19720
are,2011,19878
are,2012,20075
are,2013,20434
are,2014,20731
are,2015,20860
gbr,1980,29135
gbr,1981,29727
gbr,1982,30745
gbr,1983,31899
gbr,1984,31977
gbr,1985,32762
gbr,1986,34089
gbr,1987,34919
gbr,1988,35393
gbr,1989,35164
gbr,1990,35140
gbr,1991,35739
gbr,1992,36717
gbr,1993,37975
gbr,1994,39194
gbr,1995,39743
gbr,1996,40424
gbr,1997,40726
gbr,1998,41730
gbr,1999,42453
gbr,2000,43546
gbr,2001,44339
gbr,2002,45048
gbr,2003,46521
gbr,2004,47144
gbr,2005,47930
gbr,2006,48900
gbr,2007,49744
gbr,2008,49162
gbr,2009,47807
gbr,2010,48599
gbr,2011,49151
gbr,2012,48941
gbr,2013,49183
gbr,2014,49447
gbr,2015,49935
usa,1980,41360
usa,1981,41909
usa,1982,41436
usa,1983,42614
usa,1984,43936
usa,1985,44733
usa,1986,45253
usa,1987,45677
usa,1988,46594
usa,1989,47260
usa,1990,47538
usa,1991,47898
usa,1992,49295
usa,1993,49937
usa,1994,50796
usa,1995,51409
usa,1996,52592
usa,1997,53732
usa,1998,55284
usa,1999,56959
usa,2000,58463
usa,2001,58989
usa,2002,60200
usa,2003,61393
usa,2004,63049
usa,2005,64067
usa,2006,64565
usa,2007,64997
usa,2008,65094
usa,2009,65717
usa,2010,67761
usa,2011,68481
usa,2012,68807
usa,2013,69643
usa,2014,70149
usa,2015,70598
ury,1980,18379
ury,1981,18192
ury,1982,15995
ury,1983,14625
ury,1984,14047
ury,1985,13620
ury,1986,14170
ury,1987,14317
ury,1988,14157
ury,1989,13944
ury,1990,14045
ury,1991,14642
ury,1992,15555
ury,1993,15836
ury,1994,16539
ury,1995,16049
ury,1996,17394
ury,1997,18310
ury,1998,20332
ury,1999,20148
ury,2000,20127
ury,2001,19290
ury,2002,17789
ury,2003,18287
ury,2004,19577
ury,2005,20188
ury,2006,20877
ury,2007,21213
ury,2008,22286
ury,2009,22359
ury,2010,23931
ury,2011,24410
ury,2012,25745
ury,2013,26833
ury,2014,27608
ury,2015,28219
uzb,1980,13001
uzb,1981,13090
uzb,1982,13179
uzb,1983,13207
uzb,1984,12423
uzb,1985,12398
uzb,1986,11956
uzb,1987,11333
uzb,1988,11956
uzb,1989,11693
uzb,1990,11015
uzb,1991,10544
uzb,1992,9345
uzb,1993,9143
uzb,1994,8544
uzb,1995,8396
uzb,1996,8427
uzb,1997,8744
uzb,1998,8996
uzb,1999,9293
uzb,2000,9541
uzb,2001,9775
uzb,2002,9951
uzb,2003,10092
uzb,2004,10517
uzb,2005,10938
uzb,2006,11433
uzb,2007,12206
uzb,2008,12943
uzb,2009,13629
uzb,2010,14406
uzb,2011,15221
uzb,2012,16059
uzb,2013,16929
uzb,2014,17970
uzb,2015,19068
ven,1980,33618
ven,1981,32354
ven,1982,30753
ven,1983,29437
ven,1984,29690
ven,1985,28936
ven,1986,28666
ven,1987,28094
ven,1988,28109
ven,1989,25327
ven,1990,26004
ven,1991,27528
ven,1992,27926
ven,1993,26937
ven,1994,26221
ven,1995,26989
ven,1996,26733
ven,1997,27626
ven,1998,27009
ven,1999,25863
ven,2000,25798
ven,2001,25693
ven,2002,23388
ven,2003,21488
ven,2004,23867
ven,2005,24635
ven,2006,25604
ven,2007,26649
ven,2008,26972
ven,2009,25568
ven,2010,24673
ven,2011,24987
ven,2012,25956
ven,2013,25568
ven,2014,23502
ven,2015,21936
vnm,1980,2105
vnm,1981,2140
vnm,1982,2205
vnm,1983,2238
vnm,1984,2317
vnm,1985,2168
vnm,1986,2114
vnm,1987,2145
vnm,1988,2231
vnm,1989,2303
vnm,1990,2379
vnm,1991,2462
vnm,1992,2606
vnm,1993,2753
vnm,1994,2932
vnm,1995,3141
vnm,1996,3360
vnm,1997,3556
vnm,1998,3682
vnm,1999,3778
vnm,2000,3861
vnm,2001,4007
vnm,2002,4171
vnm,2003,4353
vnm,2004,4559
vnm,2005,4806
vnm,2006,5000
vnm,2007,5211
vnm,2008,5358
vnm,2009,5495
vnm,2010,5693
vnm,2011,5891
vnm,2012,6071
vnm,2013,6291
vnm,2014,6594
vnm,2015,6907
yem,1980,13448
yem,1981,13747
yem,1982,13470
yem,1983,13723
yem,1984,13735
yem,1985,13129
yem,1986,12927
yem,1987,12963
yem,1988,13024
yem,1989,12990
yem,1990,12521
yem,1991,11969
yem,1992,11725
yem,1993,11341
yem,1994,11262
yem,1995,12477
yem,1996,14341
yem,1997,14717
yem,1998,15078
yem,1999,14879
yem,2000,15861
yem,2001,15712
yem,2002,15818
yem,2003,16062
yem,2004,16067
yem,2005,16520
yem,2006,16417
yem,2007,16132
yem,2008,15957
yem,2009,15788
yem,2010,16604
yem,2011,13831
yem,2012,13489
yem,2013,13488
yem,2014,12901
yem,2015,12112
zmb,1980,3011
zmb,1981,3071
zmb,1982,2909
zmb,1983,2804
zmb,1984,2722
zmb,1985,2669
zmb,1986,2604
zmb,1987,2568
zmb,1988,2639
zmb,1989,2583
zmb,1990,2723
zmb,1991,2625
zmb,1992,2547
zmb,1993,2671
zmb,1994,2426
zmb,1995,2359
zmb,1996,2436
zmb,1997,2453
zmb,1998,2379
zmb,1999,2366
zmb,2000,2399
zmb,2001,2462
zmb,2002,2502
zmb,2003,2577
zmb,2004,2658
zmb,2005,2711
zmb,2006,2778
zmb,2007,2841
zmb,2008,2891
zmb,2009,2994
zmb,2010,3122
zmb,2011,3238
zmb,2012,3371
zmb,2013,3488
zmb,2014,3565
zmb,2015,3676
zwe,1980,4066
zwe,1981,4396
zwe,1982,4333
zwe,1983,4228
zwe,1984,3984
zwe,1985,4093
zwe,1986,4036
zwe,1987,3830
zwe,1988,4011
zwe,1989,4092
zwe,1990,3997
zwe,1991,4040
zwe,1992,3597
zwe,1993,3518
zwe,1994,3565
zwe,1995,3439
zwe,1996,3635
zwe,1997,3551
zwe,1998,3536
zwe,1999,3377
zwe,2000,3009
zwe,2001,2913
zwe,2002,2658
zwe,2003,2387
zwe,2004,2231
zwe,2005,2140
zwe,2006,2063
zwe,2007,1995
zwe,2008,1900
zwe,2009,2956
zwe,2010,3292
zwe,2011,3683
zwe,2012,3856
zwe,2013,3811
zwe,2014,3716
zwe,2015,3668
